arch,modality,jammer_knowledge,jammer_model,in_channel,jsr_db,ber,ber_std,ber_sem,ber_ci_lo,ber_ci_hi,ber_min,ber_max,ber_q05,ber_q50,ber_q95,jammed_fraction,ber_clean,hop_rate_hz,dwell_bursts,slot_duration_us,num_channels,n_realizations
conv1d,fh_off,omniscient,barrage,cw,-10.0,0.36233,0.0379060780086782,0.0169521134375628,0.3291044682005392,0.3955555317994607,0.3266,0.4142,0.32927,0.34035,0.40947,1.0,0.33926,100000.0,1,10.0,8,5
conv1d,fh_off,omniscient,barrage,cw,-6.0,0.3947999999999999,0.0730954256434696,0.0326892681166158,0.3307302118104593,0.4588697881895405,0.32995,0.4882,0.33274,0.35305,0.48234,1.0,0.33926,100000.0,1,10.0,8,5
conv1d,fh_off,omniscient,barrage,cw,-2.0,0.4327,0.0628480111061599,0.028106485016807,0.3776123016350435,0.4877876983649564,0.3799,0.50315,0.38123,0.39445,0.50241,1.0,0.33926,100000.0,1,10.0,8,5
conv1d,fh_off,omniscient,barrage,cw,2.0,0.46758,0.0327385590703072,0.0146411287133198,0.4388839150288778,0.4962760849711223,0.4344,0.50315,0.43513,0.4627,0.50244,1.0,0.33926,100000.0,1,10.0,8,5
conv1d,fh_off,omniscient,barrage,cw,6.0,0.49327,0.0081957763512677,0.0036652626099639,0.4860862172905893,0.5004537827094107,0.4826,0.50315,0.48399,0.49145,0.50244,1.0,0.33926,100000.0,1,10.0,8,5
conv1d,fh_off,omniscient,barrage,cw,10.0,0.50021,0.0029177045772319,0.0013048371545905,0.4976525661713128,0.5027674338286873,0.4959,0.50315,0.49664,0.4997,0.50306,1.0,0.33926,100000.0,1,10.0,8,5
conv1d,fh_off_blind,band_agnostic,barrage,cw,-10.0,0.36233,0.0379060780086782,0.0169521134375628,0.3291044682005392,0.3955555317994607,0.3266,0.4142,0.32927,0.34035,0.40947,1.0,0.33926,100000.0,1,10.0,8,5
conv1d,fh_off_blind,band_agnostic,barrage,cw,-6.0,0.3947999999999999,0.0730954256434696,0.0326892681166158,0.3307302118104593,0.4588697881895405,0.32995,0.4882,0.33274,0.35305,0.48234,1.0,0.33926,100000.0,1,10.0,8,5
conv1d,fh_off_blind,band_agnostic,barrage,cw,-2.0,0.4327,0.0628480111061599,0.028106485016807,0.3776123016350435,0.4877876983649564,0.3799,0.50315,0.38123,0.39445,0.50241,1.0,0.33926,100000.0,1,10.0,8,5
conv1d,fh_off_blind,band_agnostic,barrage,cw,2.0,0.46758,0.0327385590703072,0.0146411287133198,0.4388839150288778,0.4962760849711223,0.4344,0.50315,0.43513,0.4627,0.50244,1.0,0.33926,100000.0,1,10.0,8,5
conv1d,fh_off_blind,band_agnostic,barrage,cw,6.0,0.49327,0.0081957763512677,0.0036652626099639,0.4860862172905893,0.5004537827094107,0.4826,0.50315,0.48399,0.49145,0.50244,1.0,0.33926,100000.0,1,10.0,8,5
conv1d,fh_off_blind,band_agnostic,barrage,cw,10.0,0.50021,0.0029177045772319,0.0013048371545905,0.4976525661713128,0.5027674338286873,0.4959,0.50315,0.49664,0.4997,0.50306,1.0,0.33926,100000.0,1,10.0,8,5
conv1d,fh_on,model,barrage,cw,-10.0,0.3638,0.0376046373470081,0.0168173050754275,0.3308386877351394,0.3967613122648606,0.32675,0.4156,0.32932,0.3465,0.41059,1.0,0.34174,100000.0,1,10.0,8,5
conv1d,fh_on,model,barrage,cw,-6.0,0.39513,0.0714951187144968,0.0319735891010064,0.3324629169055449,0.457797083094455,0.33095,0.487,0.33336,0.358,0.48094,1.0,0.34174,100000.0,1,10.0,8,5
conv1d,fh_on,model,barrage,cw,-2.0,0.43479,0.0609686640824612,0.0272660154771466,0.3813495916628809,0.4882304083371191,0.382,0.5031,0.38376,0.39865,0.50236,1.0,0.34174,100000.0,1,10.0,8,5
conv1d,fh_on,model,barrage,cw,2.0,0.46758,0.0326203655712194,0.014588270973628,0.4389875142949779,0.4961724857050221,0.4324,0.50315,0.43418,0.46145,0.50244,1.0,0.34174,100000.0,1,10.0,8,5
conv1d,fh_on,model,barrage,cw,6.0,0.49388,0.0074579320189982,0.0033352885932104,0.4873429544792602,0.5004170455207398,0.4855,0.50315,0.4860299999999999,0.493,0.50244,1.0,0.34174,100000.0,1,10.0,8,5
conv1d,fh_on,model,barrage,cw,10.0,0.5002,0.0029361965193086,0.0013131070024944,0.4976263575672635,0.5027736424327365,0.49585,0.50315,0.4966,0.4997,0.50306,1.0,0.34174,100000.0,1,10.0,8,5
conv1d,fh_off,omniscient,barrage,partial_band,-10.0,0.34686,0.026415582522443,0.0118134076370876,0.3237061464966179,0.3700138535033822,0.32205,0.3778,0.32359,0.33155,0.37687,1.0,0.33926,100000.0,1,10.0,8,5
conv1d,fh_off,omniscient,barrage,partial_band,-6.0,0.3603699999999999,0.0567722819692849,0.0253893363442213,0.3106078151739522,0.4101321848260477,0.31735,0.4228,0.3177,0.3203,0.4227,1.0,0.33926,100000.0,1,10.0,8,5
conv1d,fh_off,omniscient,barrage,partial_band,-2.0,0.4048,0.0748881248930696,0.0334909875936795,0.3391588705097103,0.4704411294902897,0.33865,0.4887,0.34044,0.3655,0.48767,1.0,0.33926,100000.0,1,10.0,8,5
conv1d,fh_off,omniscient,barrage,partial_band,2.0,0.45795,0.0412274332210968,0.0184374686440411,0.4218132254915929,0.4940867745084071,0.4187,0.50265,0.42075,0.437,0.50261,1.0,0.33926,100000.0,1,10.0,8,5
conv1d,fh_off,omniscient,barrage,partial_band,6.0,0.48852,0.0139909166961997,0.0062569281600478,0.4762566461524517,0.5007833538475482,0.4746,0.50395,0.4754,0.4823,0.50379,1.0,0.33926,100000.0,1,10.0,8,5
conv1d,fh_off,omniscient,barrage,partial_band,10.0,0.50016,0.0032702064155034,0.0014624807691043,0.4972935903644731,0.5030264096355269,0.4968,0.50415,0.49701,0.4989,0.5039399999999999,1.0,0.33926,100000.0,1,10.0,8,5
conv1d,fh_off_blind,band_agnostic,barrage,partial_band,-10.0,0.34686,0.026415582522443,0.0118134076370876,0.3237061464966179,0.3700138535033822,0.32205,0.3778,0.32359,0.33155,0.37687,1.0,0.33926,100000.0,1,10.0,8,5
conv1d,fh_off_blind,band_agnostic,barrage,partial_band,-6.0,0.3603699999999999,0.0567722819692849,0.0253893363442213,0.3106078151739522,0.4101321848260477,0.31735,0.4228,0.3177,0.3203,0.4227,1.0,0.33926,100000.0,1,10.0,8,5
conv1d,fh_off_blind,band_agnostic,barrage,partial_band,-2.0,0.4048,0.0748881248930696,0.0334909875936795,0.3391588705097103,0.4704411294902897,0.33865,0.4887,0.34044,0.3655,0.48767,1.0,0.33926,100000.0,1,10.0,8,5
conv1d,fh_off_blind,band_agnostic,barrage,partial_band,2.0,0.45795,0.0412274332210968,0.0184374686440411,0.4218132254915929,0.4940867745084071,0.4187,0.50265,0.42075,0.437,0.50261,1.0,0.33926,100000.0,1,10.0,8,5
conv1d,fh_off_blind,band_agnostic,barrage,partial_band,6.0,0.48852,0.0139909166961997,0.0062569281600478,0.4762566461524517,0.5007833538475482,0.4746,0.50395,0.4754,0.4823,0.50379,1.0,0.33926,100000.0,1,10.0,8,5
conv1d,fh_off_blind,band_agnostic,barrage,partial_band,10.0,0.50016,0.0032702064155034,0.0014624807691043,0.4972935903644731,0.5030264096355269,0.4968,0.50415,0.49701,0.4989,0.5039399999999999,1.0,0.33926,100000.0,1,10.0,8,5
conv1d,fh_on,model,barrage,partial_band,-10.0,0.34845,0.0259779954961886,0.0116177127697322,0.3256797013885937,0.3712202986114063,0.3257,0.37755,0.32669,0.33235,0.37724,1.0,0.34174,100000.0,1,10.0,8,5
conv1d,fh_on,model,barrage,partial_band,-6.0,0.36206,0.0548610677074371,0.0245346153424095,0.3139730375543333,0.4101469624456666,0.32115,0.4231,0.32138,0.32255,0.42272,1.0,0.34174,100000.0,1,10.0,8,5
conv1d,fh_on,model,barrage,partial_band,-2.0,0.40308,0.0761360673399933,0.0340490844223453,0.3363450208256394,0.4698149791743606,0.3381,0.49045,0.33944,0.36065,0.48864,1.0,0.34174,100000.0,1,10.0,8,5
conv1d,fh_on,model,barrage,partial_band,2.0,0.45476,0.0433797677494935,0.0194000219072041,0.4167366557625919,0.4927833442374081,0.4163,0.50245,0.41799,0.4287,0.50228,1.0,0.34174,100000.0,1,10.0,8,5
conv1d,fh_on,model,barrage,partial_band,6.0,0.4887600000000001,0.0138288828182178,0.0061844644068827,0.4766386724988399,0.5008813275011602,0.47355,0.5037,0.47491,0.48305,0.50359,1.0,0.34174,100000.0,1,10.0,8,5
conv1d,fh_on,model,barrage,partial_band,10.0,0.50015,0.0032569157188972,0.0014565369888883,0.4972952399596284,0.5030047600403716,0.4969,0.50415,0.4971,0.4987,0.5039399999999999,1.0,0.34174,100000.0,1,10.0,8,5
conv1d,fh_off,omniscient,fixed_partial,cw,-10.0,0.36139,0.038884916741585,0.0173898634267207,0.327306493987557,0.3954735060124429,0.32495,0.41,0.32625,0.34475,0.4071599999999999,1.0,0.33874,100000.0,1,10.0,8,5
conv1d,fh_off,omniscient,fixed_partial,cw,-6.0,0.39549,0.0726335958768392,0.0324827315661722,0.3318250160108201,0.4591549839891798,0.33165,0.48555,0.3336,0.3565,0.48091,1.0,0.33874,100000.0,1,10.0,8,5
conv1d,fh_off,omniscient,fixed_partial,cw,-2.0,0.43488,0.0628234689427446,0.0280955094276647,0.3798138133944715,0.4899461866055284,0.38285,0.50355,0.38408,0.3955,0.50354,1.0,0.33874,100000.0,1,10.0,8,5
conv1d,fh_off,omniscient,fixed_partial,cw,2.0,0.47002,0.0318057699167934,0.0142239727221335,0.442141525747538,0.497898474252462,0.43825,0.50375,0.4393499999999999,0.4608,0.50371,1.0,0.33874,100000.0,1,10.0,8,5
conv1d,fh_off,omniscient,fixed_partial,cw,6.0,0.4931900000000001,0.0103389675500022,0.0046237268517939,0.4841276618961332,0.5022523381038669,0.47975,0.50375,0.48164,0.4897,0.50371,1.0,0.33874,100000.0,1,10.0,8,5
conv1d,fh_off,omniscient,fixed_partial,cw,10.0,0.4993600000000001,0.0041385987966943,0.0018508376482014,0.4957324248682943,0.5029875751317058,0.4951,0.50375,0.49523,0.49865,0.50371,1.0,0.33874,100000.0,1,10.0,8,5
conv1d,fh_off_blind,band_agnostic,fixed_partial,cw,-10.0,0.33395,0.0065010576062668,0.0029073613466509,0.3282516764705203,0.3396483235294797,0.32495,0.3425,0.32625,0.33395,0.34138,0.4,0.33874,100000.0,1,10.0,8,5
conv1d,fh_off_blind,band_agnostic,fixed_partial,cw,-6.0,0.3372799999999999,0.0046677885556224,0.0020874985029934,0.3331885781163515,0.3413714218836484,0.33165,0.3425,0.33211,0.3369,0.34228,0.4,0.33874,100000.0,1,10.0,8,5
conv1d,fh_off_blind,band_agnostic,fixed_partial,cw,-2.0,0.35834,0.0286664307160832,0.01282001755069,0.3332132273194761,0.3834667726805238,0.33395,0.3955,0.33454,0.3425,0.39297,0.4,0.33874,100000.0,1,10.0,8,5
conv1d,fh_off_blind,band_agnostic,fixed_partial,cw,2.0,0.38358,0.0630735344657329,0.0282073421293109,0.3282946253269512,0.4388653746730487,0.33395,0.4608,0.33454,0.3425,0.4573899999999999,0.4,0.33874,100000.0,1,10.0,8,5
conv1d,fh_off_blind,band_agnostic,fixed_partial,cw,6.0,0.39845,0.083128184149541,0.0371760541208988,0.3255862728357264,0.4713137271642736,0.33395,0.4897,0.33454,0.3425,0.4896,0.4,0.33874,100000.0,1,10.0,8,5
conv1d,fh_off_blind,band_agnostic,fixed_partial,cw,10.0,0.40155,0.0873761051432255,0.0390757821418842,0.3249628743341735,0.4781371256658265,0.33395,0.49865,0.33454,0.3425,0.49807,0.4,0.33874,100000.0,1,10.0,8,5
conv1d,fh_on,model,fixed_partial,cw,-10.0,0.34448,0.0102759184504354,0.0045955304372835,0.3354729258530665,0.3534870741469335,0.3368,0.36045,0.3369499999999999,0.33835,0.35821,0.25,0.33864,100000.0,1,10.0,8,5
conv1d,fh_on,model,fixed_partial,cw,-6.0,0.35251,0.0186302643566858,0.0083317075080682,0.3361801533544643,0.3688398466455356,0.3378,0.37885,0.3381099999999999,0.34095,0.3762,0.25,0.33864,100000.0,1,10.0,8,5
conv1d,fh_on,model,fixed_partial,cw,-2.0,0.36306,0.0150346017572797,0.006723678308783,0.3498818326711521,0.376238167328848,0.3492,0.38275,0.34969,0.3564,0.38126,0.25,0.33864,100000.0,1,10.0,8,5
conv1d,fh_on,model,fixed_partial,cw,2.0,0.37179,0.0085253592299679,0.0038126565541627,0.3643173304684205,0.3792626695315795,0.36135,0.38275,0.36213,0.3742,0.38128,0.25,0.33864,100000.0,1,10.0,8,5
conv1d,fh_on,model,fixed_partial,cw,6.0,0.37777,0.0045614690616072,0.0020399509798031,0.3737717695493586,0.3817682304506415,0.3722,0.38275,0.37284,0.3763,0.38264,0.25,0.33864,100000.0,1,10.0,8,5
conv1d,fh_on,model,fixed_partial,cw,10.0,0.37965,0.0037760760055909,0.0016887125273414,0.3763401842661691,0.3829598157338308,0.3754,0.3842,0.37567,0.37915,0.38391,0.25,0.33864,100000.0,1,10.0,8,5
conv1d,fh_off,omniscient,fixed_partial,partial_band,-10.0,0.3452,0.019571950592621,0.0087528423954735,0.3280447441425165,0.3623552558574835,0.326,0.36715,0.32725,0.3351,0.36682,1.0,0.33874,100000.0,1,10.0,8,5
conv1d,fh_off,omniscient,fixed_partial,partial_band,-6.0,0.36018,0.0493032909652084,0.0220491020225314,0.3169645541443892,0.4033954458556109,0.32215,0.42015,0.32221,0.3285,0.41765,1.0,0.33874,100000.0,1,10.0,8,5
conv1d,fh_off,omniscient,fixed_partial,partial_band,-2.0,0.40407,0.0719614966492498,0.0321821596540692,0.3409941261333064,0.4671458738666936,0.336,0.4888,0.3397,0.3662,0.48601,1.0,0.33874,100000.0,1,10.0,8,5
conv1d,fh_off,omniscient,fixed_partial,partial_band,2.0,0.45621,0.0424141397413645,0.0189681799337732,0.419033050477529,0.493386949522471,0.41285,0.5032,0.4147,0.44425,0.50229,1.0,0.33874,100000.0,1,10.0,8,5
conv1d,fh_off,omniscient,fixed_partial,partial_band,6.0,0.4899699999999999,0.0134517935607115,0.0060158249642089,0.4781791997328534,0.5017608002671464,0.4736,0.50345,0.47452,0.49355,0.5029699999999999,1.0,0.33874,100000.0,1,10.0,8,5
conv1d,fh_off,omniscient,fixed_partial,partial_band,10.0,0.4994699999999999,0.0053034894173553,0.0023717925710314,0.4948213719819787,0.5041186280180213,0.4929,0.5048,0.49329,0.5013,0.50454,1.0,0.33874,100000.0,1,10.0,8,5
conv1d,fh_off_blind,band_agnostic,fixed_partial,partial_band,-10.0,0.34279,0.0131129897429991,0.0058643072907207,0.3312961689159117,0.3542838310840882,0.33395,0.3655,0.33418,0.3369,0.3609,0.4,0.33874,100000.0,1,10.0,8,5
conv1d,fh_off_blind,band_agnostic,fixed_partial,partial_band,-6.0,0.3499,0.0326771518036685,0.0146136665488165,0.3212577398822418,0.3785422601177581,0.3285,0.40765,0.32959,0.3369,0.39462,0.4,0.33874,100000.0,1,10.0,8,5
conv1d,fh_off_blind,band_agnostic,fixed_partial,partial_band,-2.0,0.36854,0.0599470120189488,0.0268091187844733,0.315995092725176,0.4210849072748239,0.33395,0.47485,0.33454,0.3425,0.4507799999999999,0.4,0.33874,100000.0,1,10.0,8,5
conv1d,fh_off_blind,band_agnostic,fixed_partial,partial_band,2.0,0.38682,0.0724605634121071,0.0324053490954811,0.3233066828664094,0.4503333171335906,0.33395,0.49865,0.33454,0.3425,0.48334,0.4,0.33874,100000.0,1,10.0,8,5
conv1d,fh_off_blind,band_agnostic,fixed_partial,partial_band,6.0,0.39852,0.0836149702505478,0.0373937514833695,0.3252295938457545,0.4718104061542454,0.33395,0.50105,0.33454,0.3425,0.49648,0.4,0.33874,100000.0,1,10.0,8,5
conv1d,fh_off_blind,band_agnostic,fixed_partial,partial_band,10.0,0.4019,0.087878645016864,0.0393005248056562,0.3248723868073908,0.4789276131926092,0.33395,0.5013,0.33454,0.3425,0.50001,0.4,0.33874,100000.0,1,10.0,8,5
conv1d,fh_on,model,fixed_partial,partial_band,-10.0,0.34051,0.0078438192228021,0.003507862597081,0.333634715647006,0.3473852843529939,0.3328,0.3509,0.33291,0.3398,0.34986,0.25,0.33864,100000.0,1,10.0,8,5
conv1d,fh_on,model,fixed_partial,partial_band,-6.0,0.34387,0.0144305925034282,0.0064535571586528,0.3312212603968696,0.3565187396031303,0.3313,0.3628,0.3316099999999999,0.3366,0.3614,0.25,0.33864,100000.0,1,10.0,8,5
conv1d,fh_on,model,fixed_partial,partial_band,-2.0,0.35448,0.0202124219231639,0.0090392698820203,0.3367633565847025,0.3721966434152975,0.3353,0.3799,0.3365599999999999,0.3431,0.37842,0.25,0.33864,100000.0,1,10.0,8,5
conv1d,fh_on,model,fixed_partial,partial_band,2.0,0.36827,0.0119134168062735,0.0053278419646232,0.3578276216340174,0.3787123783659826,0.35395,0.3827,0.35558,0.3643,0.38182,0.25,0.33864,100000.0,1,10.0,8,5
conv1d,fh_on,model,fixed_partial,partial_band,6.0,0.3765799999999999,0.005632894460222,0.0025191069846276,0.3716426410369264,0.3815173589630735,0.36805,0.38275,0.3693,0.37865,0.38203,0.25,0.33864,100000.0,1,10.0,8,5
conv1d,fh_on,model,fixed_partial,partial_band,10.0,0.3789399999999999,0.0045226375048195,0.0020225849796732,0.3749758062841686,0.3829041937158313,0.3731,0.384,0.37372,0.37865,0.38375,0.25,0.33864,100000.0,1,10.0,8,5
conv1d,fh_off,omniscient,follower,cw,-10.0,0.3633999999999999,0.041821166889507,0.0187029944126602,0.326742804548132,0.4000571954518678,0.32465,0.42015,0.32634,0.34425,0.41509,1.0,0.3401499999999999,100000.0,1,10.0,8,5
conv1d,fh_off,omniscient,follower,cw,-6.0,0.39559,0.0737576131663708,0.0329854073796277,0.3309397895205479,0.460240210479452,0.3326,0.4888,0.33391,0.3559,0.48334,1.0,0.3401499999999999,100000.0,1,10.0,8,5
conv1d,fh_off,omniscient,follower,cw,-2.0,0.4322500000000001,0.0644533261360498,0.0288244037232342,0.3757552068266187,0.4887447931733814,0.37575,0.5034,0.3784099999999999,0.39135,0.50306,1.0,0.3401499999999999,100000.0,1,10.0,8,5
conv1d,fh_off,omniscient,follower,cw,2.0,0.46952,0.0318626270103392,0.0142493999873678,0.4415916892234535,0.4974483107765465,0.43785,0.50345,0.43861,0.4623,0.50323,1.0,0.3401499999999999,100000.0,1,10.0,8,5
conv1d,fh_off,omniscient,follower,cw,6.0,0.4940299999999999,0.0092518646769178,0.0041375596672434,0.4859205320683172,0.5021394679316827,0.48085,0.50345,0.48295,0.49215,0.50323,1.0,0.3401499999999999,100000.0,1,10.0,8,5
conv1d,fh_off,omniscient,follower,cw,10.0,0.5002699999999999,0.0029863439185733,0.0013355336012246,0.4976524022414565,0.5028875977585432,0.4961,0.50345,0.49657,0.501,0.50323,1.0,0.3401499999999999,100000.0,1,10.0,8,5
conv1d,fh_off_blind,band_agnostic,follower,cw,-10.0,0.3401499999999999,0.0043876246421041,0.0019622053918996,0.3363041481016063,0.3439958518983935,0.33425,0.34395,0.33474,0.34245,0.34384,0.0,0.3401499999999999,100000.0,1,10.0,8,5
conv1d,fh_off_blind,band_agnostic,follower,cw,-6.0,0.3401499999999999,0.0043876246421041,0.0019622053918996,0.3363041481016063,0.3439958518983935,0.33425,0.34395,0.33474,0.34245,0.34384,0.0,0.3401499999999999,100000.0,1,10.0,8,5
conv1d,fh_off_blind,band_agnostic,follower,cw,-2.0,0.3401499999999999,0.0043876246421041,0.0019622053918996,0.3363041481016063,0.3439958518983935,0.33425,0.34395,0.33474,0.34245,0.34384,0.0,0.3401499999999999,100000.0,1,10.0,8,5
conv1d,fh_off_blind,band_agnostic,follower,cw,2.0,0.3401499999999999,0.0043876246421041,0.0019622053918996,0.3363041481016063,0.3439958518983935,0.33425,0.34395,0.33474,0.34245,0.34384,0.0,0.3401499999999999,100000.0,1,10.0,8,5
conv1d,fh_off_blind,band_agnostic,follower,cw,6.0,0.3401499999999999,0.0043876246421041,0.0019622053918996,0.3363041481016063,0.3439958518983935,0.33425,0.34395,0.33474,0.34245,0.34384,0.0,0.3401499999999999,100000.0,1,10.0,8,5
conv1d,fh_off_blind,band_agnostic,follower,cw,10.0,0.3401499999999999,0.0043876246421041,0.0019622053918996,0.3363041481016063,0.3439958518983935,0.33425,0.34395,0.33474,0.34245,0.34384,0.0,0.3401499999999999,100000.0,1,10.0,8,5
conv1d,fh_on,model,follower,cw,-10.0,0.34024,0.0046739169868537,0.0020902392207591,0.3361432064082389,0.344336793591761,0.333,0.34545,0.33431,0.34025,0.34495,0.0,0.34024,100000.0,1,10.0,8,5
conv1d,fh_on,model,follower,cw,-6.0,0.34024,0.0046739169868537,0.0020902392207591,0.3361432064082389,0.344336793591761,0.333,0.34545,0.33431,0.34025,0.34495,0.0,0.34024,100000.0,1,10.0,8,5
conv1d,fh_on,model,follower,cw,-2.0,0.34024,0.0046739169868537,0.0020902392207591,0.3361432064082389,0.344336793591761,0.333,0.34545,0.33431,0.34025,0.34495,0.0,0.34024,100000.0,1,10.0,8,5
conv1d,fh_on,model,follower,cw,2.0,0.34024,0.0046739169868537,0.0020902392207591,0.3361432064082389,0.344336793591761,0.333,0.34545,0.33431,0.34025,0.34495,0.0,0.34024,100000.0,1,10.0,8,5
conv1d,fh_on,model,follower,cw,6.0,0.34024,0.0046739169868537,0.0020902392207591,0.3361432064082389,0.344336793591761,0.333,0.34545,0.33431,0.34025,0.34495,0.0,0.34024,100000.0,1,10.0,8,5
conv1d,fh_on,model,follower,cw,10.0,0.34024,0.0046739169868537,0.0020902392207591,0.3361432064082389,0.344336793591761,0.333,0.34545,0.33431,0.34025,0.34495,0.0,0.34024,100000.0,1,10.0,8,5
conv1d,fh_off,omniscient,follower,partial_band,-10.0,0.34718,0.0274519716960367,0.0122768949657476,0.3231177280251535,0.3712422719748465,0.32035,0.3808,0.32183,0.3347,0.3791,1.0,0.3401499999999999,100000.0,1,10.0,8,5
conv1d,fh_off,omniscient,follower,partial_band,-6.0,0.3608,0.0549139326582971,0.0245582572671596,0.312666700233298,0.4089332997667019,0.31465,0.42805,0.31599,0.32705,0.42502,1.0,0.3401499999999999,100000.0,1,10.0,8,5
conv1d,fh_off,omniscient,follower,partial_band,-2.0,0.4019899999999999,0.0740140814304953,0.0331001034741584,0.3371149893061002,0.4668650106938997,0.34555,0.48945,0.34566,0.3526,0.48681,1.0,0.3401499999999999,100000.0,1,10.0,8,5
conv1d,fh_off,omniscient,follower,partial_band,2.0,0.45141,0.0443395055227277,0.0198292296875092,0.4125454239713093,0.4902745760286906,0.41665,0.50285,0.41734,0.4205,0.5016700000000001,1.0,0.3401499999999999,100000.0,1,10.0,8,5
conv1d,fh_off,omniscient,follower,partial_band,6.0,0.48829,0.0130097751710012,0.0058181483308695,0.4768866388147839,0.4996933611852161,0.47315,0.5034,0.4741,0.48815,0.50249,1.0,0.3401499999999999,100000.0,1,10.0,8,5
conv1d,fh_off,omniscient,follower,partial_band,10.0,0.4996,0.0038742741255621,0.001732628061645,0.4962041114005722,0.5029958885994279,0.49465,0.50355,0.49521,0.4989,0.50353,1.0,0.3401499999999999,100000.0,1,10.0,8,5
conv1d,fh_off_blind,band_agnostic,follower,partial_band,-10.0,0.3401499999999999,0.0043876246421041,0.0019622053918996,0.3363041481016063,0.3439958518983935,0.33425,0.34395,0.33474,0.34245,0.34384,0.0,0.3401499999999999,100000.0,1,10.0,8,5
conv1d,fh_off_blind,band_agnostic,follower,partial_band,-6.0,0.3401499999999999,0.0043876246421041,0.0019622053918996,0.3363041481016063,0.3439958518983935,0.33425,0.34395,0.33474,0.34245,0.34384,0.0,0.3401499999999999,100000.0,1,10.0,8,5
conv1d,fh_off_blind,band_agnostic,follower,partial_band,-2.0,0.3401499999999999,0.0043876246421041,0.0019622053918996,0.3363041481016063,0.3439958518983935,0.33425,0.34395,0.33474,0.34245,0.34384,0.0,0.3401499999999999,100000.0,1,10.0,8,5
conv1d,fh_off_blind,band_agnostic,follower,partial_band,2.0,0.3401499999999999,0.0043876246421041,0.0019622053918996,0.3363041481016063,0.3439958518983935,0.33425,0.34395,0.33474,0.34245,0.34384,0.0,0.3401499999999999,100000.0,1,10.0,8,5
conv1d,fh_off_blind,band_agnostic,follower,partial_band,6.0,0.3401499999999999,0.0043876246421041,0.0019622053918996,0.3363041481016063,0.3439958518983935,0.33425,0.34395,0.33474,0.34245,0.34384,0.0,0.3401499999999999,100000.0,1,10.0,8,5
conv1d,fh_off_blind,band_agnostic,follower,partial_band,10.0,0.3401499999999999,0.0043876246421041,0.0019622053918996,0.3363041481016063,0.3439958518983935,0.33425,0.34395,0.33474,0.34245,0.34384,0.0,0.3401499999999999,100000.0,1,10.0,8,5
conv1d,fh_on,model,follower,partial_band,-10.0,0.34024,0.0046739169868537,0.0020902392207591,0.3361432064082389,0.344336793591761,0.333,0.34545,0.33431,0.34025,0.34495,0.0,0.34024,100000.0,1,10.0,8,5
conv1d,fh_on,model,follower,partial_band,-6.0,0.34024,0.0046739169868537,0.0020902392207591,0.3361432064082389,0.344336793591761,0.333,0.34545,0.33431,0.34025,0.34495,0.0,0.34024,100000.0,1,10.0,8,5
conv1d,fh_on,model,follower,partial_band,-2.0,0.34024,0.0046739169868537,0.0020902392207591,0.3361432064082389,0.344336793591761,0.333,0.34545,0.33431,0.34025,0.34495,0.0,0.34024,100000.0,1,10.0,8,5
conv1d,fh_on,model,follower,partial_band,2.0,0.34024,0.0046739169868537,0.0020902392207591,0.3361432064082389,0.344336793591761,0.333,0.34545,0.33431,0.34025,0.34495,0.0,0.34024,100000.0,1,10.0,8,5
conv1d,fh_on,model,follower,partial_band,6.0,0.34024,0.0046739169868537,0.0020902392207591,0.3361432064082389,0.344336793591761,0.333,0.34545,0.33431,0.34025,0.34495,0.0,0.34024,100000.0,1,10.0,8,5
conv1d,fh_on,model,follower,partial_band,10.0,0.34024,0.0046739169868537,0.0020902392207591,0.3361432064082389,0.344336793591761,0.333,0.34545,0.33431,0.34025,0.34495,0.0,0.34024,100000.0,1,10.0,8,5
conv1d,fh_off,omniscient,sweep,cw,-10.0,0.3636299999999999,0.0395785232165122,0.017700053672235,0.3289385322779934,0.3983214677220065,0.3277,0.4166,0.32852,0.34815,0.41206,1.0,0.3413,100000.0,1,10.0,8,5
conv1d,fh_off,omniscient,sweep,cw,-6.0,0.39544,0.0728787640537351,0.0325923741080639,0.3315601205775389,0.4593198794224612,0.3328,0.48675,0.3337799999999999,0.35885,0.48162,1.0,0.3413,100000.0,1,10.0,8,5
conv1d,fh_off,omniscient,sweep,cw,-2.0,0.43642,0.0623875648667264,0.0279005671985355,0.3817358931426307,0.4911041068573694,0.3814,0.50695,0.38321,0.4017,0.50588,1.0,0.3413,100000.0,1,10.0,8,5
conv1d,fh_off,omniscient,sweep,cw,2.0,0.4710599999999999,0.0321376220339962,0.0143723815006421,0.4428906498866716,0.4992293501133282,0.43865,0.5075,0.4396,0.46405,0.50634,1.0,0.3413,100000.0,1,10.0,8,5
conv1d,fh_off,omniscient,sweep,cw,6.0,0.4961699999999999,0.0091183605982654,0.0040778548282154,0.4881775514025149,0.5041624485974849,0.4833,0.5075,0.48545,0.4943,0.50634,1.0,0.3413,100000.0,1,10.0,8,5
conv1d,fh_off,omniscient,sweep,cw,10.0,0.50187,0.0032771176359721,0.0014655715608594,0.4989975325239494,0.5047424674760507,0.4993,0.5075,0.49943,0.5009,0.50634,1.0,0.3413,100000.0,1,10.0,8,5
conv1d,fh_off_blind,band_agnostic,sweep,cw,-10.0,0.34415,0.0054105221559476,0.0024196590668935,0.3394075553740229,0.348892444625977,0.34015,0.352,0.34015,0.3408,0.35113,0.125,0.3413,100000.0,1,10.0,8,5
conv1d,fh_off_blind,band_agnostic,sweep,cw,-6.0,0.34787,0.0098906268759871,0.0044232228069587,0.3392006426027647,0.3565393573972353,0.3406,0.3612,0.34064,0.34095,0.36012,0.125,0.3413,100000.0,1,10.0,8,5
conv1d,fh_off_blind,band_agnostic,sweep,cw,-2.0,0.35277,0.0090371179034026,0.0040415219905377,0.3448487624558194,0.3606912375441805,0.3445,0.36305,0.3445999999999999,0.3495,0.3628,0.125,0.3413,100000.0,1,10.0,8,5
conv1d,fh_off_blind,band_agnostic,sweep,cw,2.0,0.3570899999999999,0.0058124220424879,0.0025993941601842,0.3519952810644151,0.3621847189355848,0.35065,0.36305,0.35078,0.35865,0.3628,0.125,0.3413,100000.0,1,10.0,8,5
conv1d,fh_off_blind,band_agnostic,sweep,cw,6.0,0.36014,0.0029341523477829,0.0013121928211966,0.3575681493296826,0.3627118506703174,0.3563,0.36305,0.35659,0.3618,0.3628,0.125,0.3413,100000.0,1,10.0,8,5
conv1d,fh_off_blind,band_agnostic,sweep,cw,10.0,0.3609699999999999,0.0021007736670093,0.0009394945449548,0.3591286245282165,0.3628113754717834,0.35855,0.36305,0.35862,0.3618,0.36295,0.125,0.3413,100000.0,1,10.0,8,5
conv1d,fh_on,model,sweep,cw,-10.0,0.34341,0.0057566700443919,0.0025744611086594,0.3383641489474284,0.3484558510525715,0.3379,0.35105,0.33812,0.34125,0.35041,0.1219199999999999,0.34075,100000.0,1,10.0,8,5
conv1d,fh_on,model,sweep,cw,-6.0,0.3477599999999999,0.0091513933365362,0.0040926275178667,0.3397385974628436,0.3557814025371563,0.33985,0.35925,0.33997,0.3433,0.35859,0.1219199999999999,0.34075,100000.0,1,10.0,8,5
conv1d,fh_on,model,sweep,cw,-2.0,0.3527,0.00828568041865,0.003705468931188,0.3454374143490393,0.3599625856509608,0.34295,0.3615,0.34409,0.34915,0.36145,0.1219199999999999,0.34075,100000.0,1,10.0,8,5
conv1d,fh_on,model,sweep,cw,2.0,0.35725,0.0052081666639999,0.0023291629397704,0.3526849245239246,0.3618150754760754,0.3487,0.3615,0.35038,0.35755,0.3614799999999999,0.1219199999999999,0.34075,100000.0,1,10.0,8,5
conv1d,fh_on,model,sweep,cw,6.0,0.36005,0.0034572387826125,0.001546124186474,0.3570196522788846,0.3630803477211154,0.3539,0.3622,0.35537,0.3614,0.36206,0.1219199999999999,0.34075,100000.0,1,10.0,8,5
conv1d,fh_on,model,sweep,cw,10.0,0.36092,0.0029087368392482,0.0013008266602434,0.3583704265957934,0.3634695734042066,0.356,0.36375,0.35708,0.3615,0.36339,0.1219199999999999,0.34075,100000.0,1,10.0,8,5
conv1d,fh_off,omniscient,sweep,partial_band,-10.0,0.34681,0.0249070371582009,0.01113876564077,0.3249784205118585,0.3686415794881416,0.3257,0.3759,0.3261,0.33285,0.3751,1.0,0.3413,100000.0,1,10.0,8,5
conv1d,fh_off,omniscient,sweep,partial_band,-6.0,0.36062,0.0540491628057271,0.0241715204321118,0.3132446905014868,0.4079953094985132,0.31765,0.42525,0.3184,0.32485,0.42299,1.0,0.3413,100000.0,1,10.0,8,5
conv1d,fh_off,omniscient,sweep,partial_band,-2.0,0.40332,0.072173485436135,0.0322769639216578,0.340058313183252,0.466581686816748,0.33365,0.48835,0.33714,0.37005,0.48537,1.0,0.3413,100000.0,1,10.0,8,5
conv1d,fh_off,omniscient,sweep,partial_band,2.0,0.45513,0.0409190298027702,0.0182995464424668,0.419263548039347,0.490996451960653,0.4111,0.50135,0.41462,0.4387,0.50024,1.0,0.3413,100000.0,1,10.0,8,5
conv1d,fh_off,omniscient,sweep,partial_band,6.0,0.48855,0.0125378427171503,0.0056070937213497,0.4775602982482138,0.4995397017517862,0.4731,0.5017,0.47412,0.491,0.50111,1.0,0.3413,100000.0,1,10.0,8,5
conv1d,fh_off,omniscient,sweep,partial_band,10.0,0.49781,0.0046922009760878,0.0020984160693246,0.4936971800795435,0.5019228199204564,0.48965,0.5017,0.49151,0.4991,0.50129,1.0,0.3413,100000.0,1,10.0,8,5
conv1d,fh_off_blind,band_agnostic,sweep,partial_band,-10.0,0.34199,0.0041981245812862,0.0018774583883537,0.338310249176354,0.345669750823646,0.33665,0.3468,0.3373,0.34095,0.34657,0.125,0.3413,100000.0,1,10.0,8,5
conv1d,fh_off_blind,band_agnostic,sweep,partial_band,-6.0,0.34398,0.0075770706740797,0.0033885690195125,0.3373385267626272,0.3506214732373727,0.337,0.35285,0.33723,0.34045,0.35257,0.125,0.3413,100000.0,1,10.0,8,5
conv1d,fh_off_blind,band_agnostic,sweep,partial_band,-2.0,0.34894,0.0098348487532854,0.004398278072155,0.3403195333845838,0.3575604666154161,0.34105,0.36155,0.34114,0.343,0.3607599999999999,0.125,0.3413,100000.0,1,10.0,8,5
conv1d,fh_off_blind,band_agnostic,sweep,partial_band,2.0,0.3548299999999999,0.0067882803418833,0.0030358112589553,0.3488799192685862,0.3607800807314136,0.34735,0.36305,0.34782,0.3535,0.36255,0.125,0.3413,100000.0,1,10.0,8,5
conv1d,fh_off_blind,band_agnostic,sweep,partial_band,6.0,0.35861,0.0041181609973384,0.0018416975864674,0.3550003390601094,0.3622196609398905,0.35385,0.36305,0.354,0.3607,0.36261,0.125,0.3413,100000.0,1,10.0,8,5
conv1d,fh_off_blind,band_agnostic,sweep,partial_band,10.0,0.3598499999999999,0.0032586423553375,0.0014573091641789,0.356993726523869,0.3627062734761309,0.35575,0.36305,0.35602,0.3609,0.36293,0.125,0.3413,100000.0,1,10.0,8,5
conv1d,fh_on,model,sweep,partial_band,-10.0,0.34142,0.0041043574405745,0.0018355244482163,0.3378224381887532,0.3450175618112468,0.33645,0.3464,0.33693,0.3407,0.34606,0.1219199999999999,0.34075,100000.0,1,10.0,8,5
conv1d,fh_on,model,sweep,partial_band,-6.0,0.3430499999999999,0.0078360544918983,0.0035043901038554,0.3361815216086647,0.3499184783913352,0.33475,0.3522,0.3354499999999999,0.33945,0.35188,0.1219199999999999,0.34075,100000.0,1,10.0,8,5
conv1d,fh_on,model,sweep,partial_band,-2.0,0.3479,0.0103909215183255,0.0046469613727682,0.3387921230718254,0.3570078769281745,0.338,0.3599,0.33865,0.34195,0.3596,0.1219199999999999,0.34075,100000.0,1,10.0,8,5
conv1d,fh_on,model,sweep,partial_band,2.0,0.35506,0.0059482560469435,0.0026601409737079,0.3498462194977331,0.360273780502267,0.3475,0.3614,0.3484899999999999,0.3531,0.36129,0.1219199999999999,0.34075,100000.0,1,10.0,8,5
conv1d,fh_on,model,sweep,partial_band,6.0,0.3596,0.002894175184746,0.001294314490377,0.3570631902141926,0.3621368097858073,0.3545,0.3615,0.3556499999999999,0.36055,0.36144,0.1219199999999999,0.34075,100000.0,1,10.0,8,5
conv1d,fh_on,model,sweep,partial_band,10.0,0.36056,0.0024060860333745,0.0010760343860676,0.3584510113571807,0.3626689886428192,0.3563,0.36215,0.35728,0.3615,0.36205,0.1219199999999999,0.34075,100000.0,1,10.0,8,5
qkv,fh_off,omniscient,barrage,cw,-10.0,0.3515199999999999,0.0278432128174892,0.0124518633143798,0.3271147963633998,0.3759252036366001,0.32435,0.38515,0.32608,0.33735,0.38367,1.0,0.3386099999999999,100000.0,1,10.0,8,5
qkv,fh_off,omniscient,barrage,cw,-6.0,0.38989,0.0663982624019635,0.0296942056637317,0.3316904263495605,0.4480895736504395,0.33725,0.47725,0.33765,0.3502,0.4709,1.0,0.3386099999999999,100000.0,1,10.0,8,5
qkv,fh_off,omniscient,barrage,cw,-2.0,0.42682,0.0711478970174101,0.0318183068374167,0.3644572645496187,0.4891827354503813,0.3426,0.50315,0.35298,0.3946,0.50237,1.0,0.3386099999999999,100000.0,1,10.0,8,5
qkv,fh_off,omniscient,barrage,cw,2.0,0.44966,0.0690478674543971,0.0308791450658854,0.3891379877974768,0.5101820122025233,0.33315,0.50315,0.35671,0.46145,0.50244,1.0,0.3386099999999999,100000.0,1,10.0,8,5
qkv,fh_off,omniscient,barrage,cw,6.0,0.46778,0.0649030103308005,0.0290255086088082,0.4108910484937786,0.5246689515062214,0.352,0.50315,0.3799099999999999,0.4926,0.50244,1.0,0.3386099999999999,100000.0,1,10.0,8,5
qkv,fh_off,omniscient,barrage,cw,10.0,0.4787100000000001,0.0467000588864725,0.0208849012446791,0.4377763457397532,0.519643654260247,0.3953,0.50315,0.4154,0.4996,0.50246,1.0,0.3386099999999999,100000.0,1,10.0,8,5
qkv,fh_off_blind,band_agnostic,barrage,cw,-10.0,0.3515199999999999,0.0278432128174892,0.0124518633143798,0.3271147963633998,0.3759252036366001,0.32435,0.38515,0.32608,0.33735,0.38367,1.0,0.3386099999999999,100000.0,1,10.0,8,5
qkv,fh_off_blind,band_agnostic,barrage,cw,-6.0,0.38989,0.0663982624019635,0.0296942056637317,0.3316904263495605,0.4480895736504395,0.33725,0.47725,0.33765,0.3502,0.4709,1.0,0.3386099999999999,100000.0,1,10.0,8,5
qkv,fh_off_blind,band_agnostic,barrage,cw,-2.0,0.42682,0.0711478970174101,0.0318183068374167,0.3644572645496187,0.4891827354503813,0.3426,0.50315,0.35298,0.3946,0.50237,1.0,0.3386099999999999,100000.0,1,10.0,8,5
qkv,fh_off_blind,band_agnostic,barrage,cw,2.0,0.44966,0.0690478674543971,0.0308791450658854,0.3891379877974768,0.5101820122025233,0.33315,0.50315,0.35671,0.46145,0.50244,1.0,0.3386099999999999,100000.0,1,10.0,8,5
qkv,fh_off_blind,band_agnostic,barrage,cw,6.0,0.46778,0.0649030103308005,0.0290255086088082,0.4108910484937786,0.5246689515062214,0.352,0.50315,0.3799099999999999,0.4926,0.50244,1.0,0.3386099999999999,100000.0,1,10.0,8,5
qkv,fh_off_blind,band_agnostic,barrage,cw,10.0,0.4787100000000001,0.0467000588864725,0.0208849012446791,0.4377763457397532,0.519643654260247,0.3953,0.50315,0.4154,0.4996,0.50246,1.0,0.3386099999999999,100000.0,1,10.0,8,5
qkv,fh_on,model,barrage,cw,-10.0,0.35306,0.0267704221109791,0.0119720967253025,0.3295951215989771,0.3765248784010229,0.32565,0.38795,0.32801,0.3395,0.38531,1.0,0.34023,100000.0,1,10.0,8,5
qkv,fh_on,model,barrage,cw,-6.0,0.3912699999999999,0.0649874564820011,0.0290632740757127,0.3343070295387862,0.4482329704612136,0.3389,0.4779,0.33995,0.3511,0.47118,1.0,0.34023,100000.0,1,10.0,8,5
qkv,fh_on,model,barrage,cw,-2.0,0.4290599999999999,0.0688380381765779,0.0307853065601107,0.3687219078891581,0.4893980921108417,0.34835,0.50315,0.35785,0.3987,0.50237,1.0,0.34023,100000.0,1,10.0,8,5
qkv,fh_on,model,barrage,cw,2.0,0.44966,0.067542129445258,0.0302057585569374,0.39045780110269,0.5088621988973099,0.3365,0.50315,0.35921,0.459,0.50244,1.0,0.34023,100000.0,1,10.0,8,5
qkv,fh_on,model,barrage,cw,6.0,0.4688,0.0637903499755253,0.0285279117707553,0.4128863203751833,0.5247136796248166,0.35495,0.50315,0.38248,0.4937,0.50244,1.0,0.34023,100000.0,1,10.0,8,5
qkv,fh_on,model,barrage,cw,10.0,0.4790899999999999,0.0459344832342761,0.0205425254046331,0.4388273900554198,0.5193526099445801,0.39705,0.50315,0.41681,0.4996,0.50248,1.0,0.34023,100000.0,1,10.0,8,5
qkv,fh_off,omniscient,barrage,partial_band,-10.0,0.33893,0.019698813416041,0.0088095771748705,0.3216635460182276,0.3561964539817723,0.3179,0.36365,0.31981,0.32985,0.3620799999999999,1.0,0.3386099999999999,100000.0,1,10.0,8,5
qkv,fh_off,omniscient,barrage,partial_band,-6.0,0.35489,0.0364617333652693,0.0163061828764429,0.3229304688368482,0.3868495311631518,0.32755,0.39875,0.32763,0.32955,0.39713,1.0,0.3386099999999999,100000.0,1,10.0,8,5
qkv,fh_off,omniscient,barrage,partial_band,-2.0,0.4068299999999999,0.0574987021592661,0.0257142013292266,0.3564310915035038,0.4572289084964961,0.3533,0.46945,0.35433,0.3857,0.46901,1.0,0.3386099999999999,100000.0,1,10.0,8,5
qkv,fh_off,omniscient,barrage,partial_band,2.0,0.45953,0.0386522088631425,0.0172857932997013,0.4256504676883816,0.4934095323116184,0.42005,0.5004,0.4217499999999999,0.44835,0.5003799999999999,1.0,0.3386099999999999,100000.0,1,10.0,8,5
qkv,fh_off,omniscient,barrage,partial_band,6.0,0.49127,0.0117274038047643,0.0052446544214085,0.4809906662226805,0.5015493337773195,0.47665,0.5036,0.47842,0.4876,0.50348,1.0,0.3386099999999999,100000.0,1,10.0,8,5
qkv,fh_off,omniscient,barrage,partial_band,10.0,0.50062,0.002893008814366,0.0012937928736857,0.4980842125641213,0.5031557874358785,0.49725,0.5041,0.49761,0.49955,0.50391,1.0,0.3386099999999999,100000.0,1,10.0,8,5
qkv,fh_off_blind,band_agnostic,barrage,partial_band,-10.0,0.33893,0.019698813416041,0.0088095771748705,0.3216635460182276,0.3561964539817723,0.3179,0.36365,0.31981,0.32985,0.3620799999999999,1.0,0.3386099999999999,100000.0,1,10.0,8,5
qkv,fh_off_blind,band_agnostic,barrage,partial_band,-6.0,0.35489,0.0364617333652693,0.0163061828764429,0.3229304688368482,0.3868495311631518,0.32755,0.39875,0.32763,0.32955,0.39713,1.0,0.3386099999999999,100000.0,1,10.0,8,5
qkv,fh_off_blind,band_agnostic,barrage,partial_band,-2.0,0.4068299999999999,0.0574987021592661,0.0257142013292266,0.3564310915035038,0.4572289084964961,0.3533,0.46945,0.35433,0.3857,0.46901,1.0,0.3386099999999999,100000.0,1,10.0,8,5
qkv,fh_off_blind,band_agnostic,barrage,partial_band,2.0,0.45953,0.0386522088631425,0.0172857932997013,0.4256504676883816,0.4934095323116184,0.42005,0.5004,0.4217499999999999,0.44835,0.5003799999999999,1.0,0.3386099999999999,100000.0,1,10.0,8,5
qkv,fh_off_blind,band_agnostic,barrage,partial_band,6.0,0.49127,0.0117274038047643,0.0052446544214085,0.4809906662226805,0.5015493337773195,0.47665,0.5036,0.47842,0.4876,0.50348,1.0,0.3386099999999999,100000.0,1,10.0,8,5
qkv,fh_off_blind,band_agnostic,barrage,partial_band,10.0,0.50062,0.002893008814366,0.0012937928736857,0.4980842125641213,0.5031557874358785,0.49725,0.5041,0.49761,0.49955,0.50391,1.0,0.3386099999999999,100000.0,1,10.0,8,5
qkv,fh_on,model,barrage,partial_band,-10.0,0.34038,0.0192454085433383,0.0086068083515319,0.3235109656091589,0.3572490343908411,0.32305,0.3627,0.32376,0.3297,0.36213,1.0,0.34023,100000.0,1,10.0,8,5
qkv,fh_on,model,barrage,partial_band,-6.0,0.35612,0.0359740809472598,0.0160880980852305,0.3245879071732002,0.3876520928267997,0.32675,0.39855,0.32741,0.33305,0.39728,1.0,0.34023,100000.0,1,10.0,8,5
qkv,fh_on,model,barrage,partial_band,-2.0,0.4067,0.0574618134068182,0.0256977041776108,0.3563334253265182,0.4570665746734818,0.35605,0.4694,0.3565899999999999,0.38125,0.46913,1.0,0.34023,100000.0,1,10.0,8,5
qkv,fh_on,model,barrage,partial_band,2.0,0.4582,0.0392780313916061,0.0175656696428004,0.4237719201357827,0.4926280798642174,0.4218,0.50035,0.42255,0.443,0.50034,1.0,0.34023,100000.0,1,10.0,8,5
qkv,fh_on,model,barrage,partial_band,6.0,0.49153,0.0119452187087553,0.0053420642077758,0.4810597465496588,0.5020002534503412,0.47505,0.50335,0.47747,0.489,0.5033,1.0,0.34023,100000.0,1,10.0,8,5
qkv,fh_on,model,barrage,partial_band,10.0,0.50048,0.0027914154115788,0.0012483589227461,0.4980332614716383,0.5029267385283618,0.49725,0.50375,0.49761,0.4993,0.50361,1.0,0.34023,100000.0,1,10.0,8,5
qkv,fh_off,omniscient,fixed_partial,cw,-10.0,0.3510999999999999,0.0259573448179893,0.0116084775056852,0.3283478021735135,0.3738521978264864,0.3273,0.3803,0.3282899999999999,0.33745,0.37988,1.0,0.33815,100000.0,1,10.0,8,5
qkv,fh_off,omniscient,fixed_partial,cw,-6.0,0.39025,0.0649002600148874,0.0290242786301399,0.3333634592076702,0.4471365407923299,0.3419,0.47375,0.34213,0.3451,0.46849,1.0,0.33815,100000.0,1,10.0,8,5
qkv,fh_off,omniscient,fixed_partial,cw,-2.0,0.43066,0.0700852552253325,0.0313430789808531,0.3692286940329334,0.4920913059670667,0.34635,0.5036,0.35653,0.40255,0.5035900000000001,1.0,0.33815,100000.0,1,10.0,8,5
qkv,fh_off,omniscient,fixed_partial,cw,2.0,0.45154,0.0699076033060782,0.031263630627296,0.3902644099445365,0.5128155900554636,0.33315,0.50375,0.35812,0.45925,0.50371,1.0,0.33815,100000.0,1,10.0,8,5
qkv,fh_off,omniscient,fixed_partial,cw,6.0,0.46756,0.0673777633941643,0.0301322518242497,0.4085018716513793,0.5266181283486208,0.34755,0.50375,0.37594,0.49345,0.50371,1.0,0.33815,100000.0,1,10.0,8,5
qkv,fh_off,omniscient,fixed_partial,cw,10.0,0.47755,0.0512893873038078,0.0229373113071257,0.4325936959358502,0.5225063040641499,0.386,0.50375,0.40795,0.4987,0.50371,1.0,0.33815,100000.0,1,10.0,8,5
qkv,fh_off_blind,band_agnostic,fixed_partial,cw,-10.0,0.33404,0.0052677556890956,0.0023558119619358,0.3294226934002571,0.3386573065997429,0.3273,0.3419,0.3282899999999999,0.33395,0.34048,0.4,0.33815,100000.0,1,10.0,8,5
qkv,fh_off_blind,band_agnostic,fixed_partial,cw,-6.0,0.33976,0.0050566045920162,0.0022613823206171,0.3353277720963147,0.3441922279036853,0.33395,0.3451,0.33412,0.3419,0.34469,0.4,0.33815,100000.0,1,10.0,8,5
qkv,fh_off_blind,band_agnostic,fixed_partial,cw,-2.0,0.36209,0.0347040235419468,0.0155201111465092,0.3316711411167833,0.3925088588832167,0.33395,0.40255,0.33412,0.3419,0.40149,0.4,0.33815,100000.0,1,10.0,8,5
qkv,fh_off_blind,band_agnostic,fixed_partial,cw,2.0,0.38558,0.0667535261240932,0.0298530844302561,0.3270690296892645,0.4440909703107354,0.33395,0.45925,0.33412,0.3419,0.459,0.4,0.33815,100000.0,1,10.0,8,5
qkv,fh_off_blind,band_agnostic,fixed_partial,cw,6.0,0.39872,0.0847410954024079,0.0378973699615158,0.3244425197666389,0.4729974802333611,0.33395,0.49345,0.33412,0.3419,0.49266,0.4,0.33815,100000.0,1,10.0,8,5
qkv,fh_off_blind,band_agnostic,fixed_partial,cw,10.0,0.40102,0.0878831653389885,0.0393025463551663,0.323988424643158,0.478051575356842,0.33395,0.4987,0.33412,0.3419,0.49811,0.4,0.33815,100000.0,1,10.0,8,5
qkv,fh_on,model,fixed_partial,cw,-10.0,0.34107,0.0080550139664683,0.0036023117577466,0.3340095986937313,0.3481304013062687,0.3348,0.35355,0.33498,0.33645,0.3518099999999999,0.25,0.33812,100000.0,1,10.0,8,5
qkv,fh_on,model,fixed_partial,cw,-6.0,0.35147,0.017718937609236,0.0079241497966658,0.3359389517904345,0.3670010482095655,0.336,0.37675,0.3366,0.34235,0.37405,0.25,0.33812,100000.0,1,10.0,8,5
qkv,fh_on,model,fixed_partial,cw,-2.0,0.3612,0.0184123599791009,0.0082342577078932,0.3450611514531078,0.3773388485468922,0.33695,0.38285,0.34039,0.35595,0.3815,0.25,0.33812,100000.0,1,10.0,8,5
qkv,fh_on,model,fixed_partial,cw,2.0,0.36675,0.0189293753198567,0.0084654739973612,0.3501579758531116,0.3833420241468884,0.3342,0.38285,0.34125,0.3711,0.38151,0.25,0.33812,100000.0,1,10.0,8,5
qkv,fh_on,model,fixed_partial,cw,6.0,0.3712000000000001,0.0184770127455711,0.0082631713040454,0.3550044818459861,0.387395518154014,0.3385,0.38285,0.34603,0.37745,0.38249,0.25,0.33812,100000.0,1,10.0,8,5
qkv,fh_on,model,fixed_partial,cw,10.0,0.3740799999999999,0.0139409289503963,0.0062345729605162,0.3618604615384009,0.386299538461599,0.34965,0.38285,0.35495,0.379,0.38283,0.25,0.33812,100000.0,1,10.0,8,5
qkv,fh_off,omniscient,fixed_partial,partial_band,-10.0,0.33886,0.0122573651328497,0.0054816603324175,0.3281161431729798,0.3496038568270203,0.32595,0.35395,0.32709,0.33295,0.35312,1.0,0.33815,100000.0,1,10.0,8,5
qkv,fh_off,omniscient,fixed_partial,partial_band,-6.0,0.35405,0.0298302489094543,0.0133404928694557,0.3279031144398533,0.3801968855601466,0.32785,0.3869,0.32899,0.3357,0.38677,1.0,0.33815,100000.0,1,10.0,8,5
qkv,fh_off,omniscient,fixed_partial,partial_band,-2.0,0.4046799999999999,0.0550585438419869,0.024622929354567,0.3564199452711744,0.4529400547288254,0.35205,0.46535,0.35372,0.3837,0.4646599999999999,1.0,0.33815,100000.0,1,10.0,8,5
qkv,fh_off,omniscient,fixed_partial,partial_band,2.0,0.4585599999999999,0.0397932374908099,0.0177960768148488,0.423680330376788,0.4934396696232119,0.41635,0.5003,0.41758,0.4563,0.49971,1.0,0.33815,100000.0,1,10.0,8,5
qkv,fh_off,omniscient,fixed_partial,partial_band,6.0,0.49199,0.0129940082345671,0.0058110971425368,0.4806004588899641,0.5033795411100359,0.4732,0.50335,0.4753,0.49915,0.50279,1.0,0.33815,100000.0,1,10.0,8,5
qkv,fh_off,omniscient,fixed_partial,partial_band,10.0,0.5000600000000001,0.0041955929259164,0.0018763261976532,0.4963824682293506,0.5037375317706495,0.49565,0.5048,0.49567,0.50105,0.5044500000000001,1.0,0.33815,100000.0,1,10.0,8,5
qkv,fh_off_blind,band_agnostic,fixed_partial,partial_band,-10.0,0.33951,0.0088084760316413,0.0039392702369855,0.3317891722101379,0.3472308277898622,0.33295,0.35395,0.33315,0.3348,0.3515399999999999,0.4,0.33815,100000.0,1,10.0,8,5
qkv,fh_off_blind,band_agnostic,fixed_partial,partial_band,-6.0,0.34622,0.0229946896043412,0.0102835378153629,0.3260646362482329,0.3663753637517671,0.33355,0.3869,0.33363,0.3348,0.3779,0.4,0.33815,100000.0,1,10.0,8,5
qkv,fh_off_blind,band_agnostic,fixed_partial,partial_band,-2.0,0.36659,0.0543320393506446,0.0242980266688469,0.3189667428336661,0.4142132571663339,0.33395,0.4619,0.33412,0.3419,0.4416,0.4,0.33815,100000.0,1,10.0,8,5
qkv,fh_off_blind,band_agnostic,fixed_partial,partial_band,2.0,0.3861,0.0724680533062673,0.0324086986779784,0.3225801178053514,0.4496198821946485,0.33395,0.49735,0.33412,0.3419,0.48238,0.4,0.33815,100000.0,1,10.0,8,5
qkv,fh_off_blind,band_agnostic,fixed_partial,partial_band,6.0,0.39898,0.0852936735637526,0.0381444904278455,0.3242181725527899,0.4737418274472101,0.33395,0.50055,0.33412,0.3419,0.49718,0.4,0.33815,100000.0,1,10.0,8,5
qkv,fh_off_blind,band_agnostic,fixed_partial,partial_band,10.0,0.40149,0.0885399867291609,0.0395962858106666,0.3238827058895391,0.479097294110461,0.33395,0.50105,0.33412,0.3419,0.49999,0.4,0.33815,100000.0,1,10.0,8,5
qkv,fh_on,model,fixed_partial,partial_band,-10.0,0.33856,0.0061396661147003,0.0027457421583244,0.3331784442588509,0.3439415557411491,0.33255,0.34685,0.33275,0.337,0.3460499999999999,0.25,0.33812,100000.0,1,10.0,8,5
qkv,fh_on,model,fixed_partial,partial_band,-6.0,0.34221,0.0102005759641306,0.0045618362530893,0.3332689652405758,0.3511510347594242,0.33325,0.35575,0.33361,0.3365,0.3547,0.25,0.33812,100000.0,1,10.0,8,5
qkv,fh_on,model,fixed_partial,partial_band,-2.0,0.3549099999999999,0.015586308093965,0.0069704088832721,0.3412482496312684,0.3685717503687315,0.3396,0.3745,0.34064,0.347,0.37333,0.25,0.33812,100000.0,1,10.0,8,5
qkv,fh_on,model,fixed_partial,partial_band,2.0,0.36835,0.0112108764153388,0.0050136563504093,0.3585234141223372,0.3781765858776628,0.3548,0.3822,0.35649,0.36405,0.38125,0.25,0.33812,100000.0,1,10.0,8,5
qkv,fh_on,model,fixed_partial,partial_band,6.0,0.37694,0.0049436069827606,0.0022108482534991,0.3726068170478585,0.3812731829521415,0.36955,0.38285,0.37068,0.3785,0.382,0.25,0.33812,100000.0,1,10.0,8,5
qkv,fh_on,model,fixed_partial,partial_band,10.0,0.3788999999999999,0.0039030436841009,0.0017454941993601,0.3754788942340304,0.3823211057659694,0.37425,0.38285,0.3746,0.3786,0.38284,0.25,0.33812,100000.0,1,10.0,8,5
qkv,fh_off,omniscient,follower,cw,-10.0,0.3545799999999999,0.0305391879394328,0.0136575400420427,0.3278117134001826,0.3813482865998173,0.3274,0.3928,0.3281,0.3398,0.39064,1.0,0.3396,100000.0,1,10.0,8,5
qkv,fh_off,omniscient,follower,cw,-6.0,0.39028,0.0678691995679925,0.0303520287625061,0.3307911167677642,0.4497688832322358,0.33745,0.4786,0.33852,0.3438,0.47263,1.0,0.3396,100000.0,1,10.0,8,5
qkv,fh_off,omniscient,follower,cw,-2.0,0.4273999999999999,0.0710903122795222,0.0317925541597399,0.3650877388703705,0.4897122611296293,0.34635,0.50345,0.35531,0.39465,0.5030399999999999,1.0,0.3396,100000.0,1,10.0,8,5
qkv,fh_off,omniscient,follower,cw,2.0,0.45203,0.0692179944089685,0.0309552281529308,0.3913588676870353,0.5127011323129647,0.3343,0.50345,0.35938,0.46035,0.50323,1.0,0.3396,100000.0,1,10.0,8,5
qkv,fh_off,omniscient,follower,cw,6.0,0.46826,0.0665332567217327,0.0297545769588478,0.4099421007854329,0.5265778992145671,0.3496,0.50345,0.3779,0.4948,0.50323,1.0,0.3396,100000.0,1,10.0,8,5
qkv,fh_off,omniscient,follower,cw,10.0,0.4789099999999999,0.0502105865331206,0.0224548569356386,0.4348992891281487,0.5229207108718512,0.38915,0.50345,0.41103,0.50105,0.50323,1.0,0.3396,100000.0,1,10.0,8,5
qkv,fh_off_blind,band_agnostic,follower,cw,-10.0,0.3396,0.0035454195802471,0.0015855598380382,0.3364923598221118,0.3427076401778882,0.3353,0.34335,0.33569,0.33905,0.34329,0.0,0.3396,100000.0,1,10.0,8,5
qkv,fh_off_blind,band_agnostic,follower,cw,-6.0,0.3396,0.0035454195802471,0.0015855598380382,0.3364923598221118,0.3427076401778882,0.3353,0.34335,0.33569,0.33905,0.34329,0.0,0.3396,100000.0,1,10.0,8,5
qkv,fh_off_blind,band_agnostic,follower,cw,-2.0,0.3396,0.0035454195802471,0.0015855598380382,0.3364923598221118,0.3427076401778882,0.3353,0.34335,0.33569,0.33905,0.34329,0.0,0.3396,100000.0,1,10.0,8,5
qkv,fh_off_blind,band_agnostic,follower,cw,2.0,0.3396,0.0035454195802471,0.0015855598380382,0.3364923598221118,0.3427076401778882,0.3353,0.34335,0.33569,0.33905,0.34329,0.0,0.3396,100000.0,1,10.0,8,5
qkv,fh_off_blind,band_agnostic,follower,cw,6.0,0.3396,0.0035454195802471,0.0015855598380382,0.3364923598221118,0.3427076401778882,0.3353,0.34335,0.33569,0.33905,0.34329,0.0,0.3396,100000.0,1,10.0,8,5
qkv,fh_off_blind,band_agnostic,follower,cw,10.0,0.3396,0.0035454195802471,0.0015855598380382,0.3364923598221118,0.3427076401778882,0.3353,0.34335,0.33569,0.33905,0.34329,0.0,0.3396,100000.0,1,10.0,8,5
qkv,fh_on,model,follower,cw,-10.0,0.33892,0.0038277930978567,0.0017118411141224,0.3355648530690651,0.3422751469309349,0.33365,0.34325,0.33435,0.33865,0.34298,0.0,0.33892,100000.0,1,10.0,8,5
qkv,fh_on,model,follower,cw,-6.0,0.33892,0.0038277930978567,0.0017118411141224,0.3355648530690651,0.3422751469309349,0.33365,0.34325,0.33435,0.33865,0.34298,0.0,0.33892,100000.0,1,10.0,8,5
qkv,fh_on,model,follower,cw,-2.0,0.33892,0.0038277930978567,0.0017118411141224,0.3355648530690651,0.3422751469309349,0.33365,0.34325,0.33435,0.33865,0.34298,0.0,0.33892,100000.0,1,10.0,8,5
qkv,fh_on,model,follower,cw,2.0,0.33892,0.0038277930978567,0.0017118411141224,0.3355648530690651,0.3422751469309349,0.33365,0.34325,0.33435,0.33865,0.34298,0.0,0.33892,100000.0,1,10.0,8,5
qkv,fh_on,model,follower,cw,6.0,0.33892,0.0038277930978567,0.0017118411141224,0.3355648530690651,0.3422751469309349,0.33365,0.34325,0.33435,0.33865,0.34298,0.0,0.33892,100000.0,1,10.0,8,5
qkv,fh_on,model,follower,cw,10.0,0.33892,0.0038277930978567,0.0017118411141224,0.3355648530690651,0.3422751469309349,0.33365,0.34325,0.33435,0.33865,0.34298,0.0,0.33892,100000.0,1,10.0,8,5
qkv,fh_off,omniscient,follower,partial_band,-10.0,0.34115,0.0171423087709911,0.0076662735406454,0.3261243799647026,0.3561756200352974,0.32365,0.3616,0.32456,0.33535,0.36067,1.0,0.3396,100000.0,1,10.0,8,5
qkv,fh_off,omniscient,follower,partial_band,-6.0,0.35646,0.0346181202551496,0.0154816940287553,0.3261164372839707,0.3868035627160294,0.3262,0.39735,0.3268999999999999,0.33845,0.3959999999999999,1.0,0.3396,100000.0,1,10.0,8,5
qkv,fh_off,omniscient,follower,partial_band,-2.0,0.40331,0.0576260075833819,0.0257711340456721,0.3527995054297287,0.4538204945702713,0.3542,0.46895,0.35599,0.3668,0.46785,1.0,0.3396,100000.0,1,10.0,8,5
qkv,fh_off,omniscient,follower,partial_band,2.0,0.45449,0.0403570068265722,0.0180482021265277,0.4191161738463064,0.4898638261536935,0.4186,0.5006,0.41908,0.4369,0.49955,1.0,0.3396,100000.0,1,10.0,8,5
qkv,fh_off,omniscient,follower,partial_band,6.0,0.49018,0.0120610737498781,0.0053938761572731,0.4796081969946753,0.5007518030053247,0.47425,0.50315,0.47565,0.49395,0.50218,1.0,0.3396,100000.0,1,10.0,8,5
qkv,fh_off,omniscient,follower,partial_band,10.0,0.50024,0.0033632945157984,0.0015041110331355,0.497291996546305,0.503188003453695,0.4966,0.50385,0.49694,0.49865,0.5038400000000001,1.0,0.3396,100000.0,1,10.0,8,5
qkv,fh_off_blind,band_agnostic,follower,partial_band,-10.0,0.3396,0.0035454195802471,0.0015855598380382,0.3364923598221118,0.3427076401778882,0.3353,0.34335,0.33569,0.33905,0.34329,0.0,0.3396,100000.0,1,10.0,8,5
qkv,fh_off_blind,band_agnostic,follower,partial_band,-6.0,0.3396,0.0035454195802471,0.0015855598380382,0.3364923598221118,0.3427076401778882,0.3353,0.34335,0.33569,0.33905,0.34329,0.0,0.3396,100000.0,1,10.0,8,5
qkv,fh_off_blind,band_agnostic,follower,partial_band,-2.0,0.3396,0.0035454195802471,0.0015855598380382,0.3364923598221118,0.3427076401778882,0.3353,0.34335,0.33569,0.33905,0.34329,0.0,0.3396,100000.0,1,10.0,8,5
qkv,fh_off_blind,band_agnostic,follower,partial_band,2.0,0.3396,0.0035454195802471,0.0015855598380382,0.3364923598221118,0.3427076401778882,0.3353,0.34335,0.33569,0.33905,0.34329,0.0,0.3396,100000.0,1,10.0,8,5
qkv,fh_off_blind,band_agnostic,follower,partial_band,6.0,0.3396,0.0035454195802471,0.0015855598380382,0.3364923598221118,0.3427076401778882,0.3353,0.34335,0.33569,0.33905,0.34329,0.0,0.3396,100000.0,1,10.0,8,5
qkv,fh_off_blind,band_agnostic,follower,partial_band,10.0,0.3396,0.0035454195802471,0.0015855598380382,0.3364923598221118,0.3427076401778882,0.3353,0.34335,0.33569,0.33905,0.34329,0.0,0.3396,100000.0,1,10.0,8,5
qkv,fh_on,model,follower,partial_band,-10.0,0.33892,0.0038277930978567,0.0017118411141224,0.3355648530690651,0.3422751469309349,0.33365,0.34325,0.33435,0.33865,0.34298,0.0,0.33892,100000.0,1,10.0,8,5
qkv,fh_on,model,follower,partial_band,-6.0,0.33892,0.0038277930978567,0.0017118411141224,0.3355648530690651,0.3422751469309349,0.33365,0.34325,0.33435,0.33865,0.34298,0.0,0.33892,100000.0,1,10.0,8,5
qkv,fh_on,model,follower,partial_band,-2.0,0.33892,0.0038277930978567,0.0017118411141224,0.3355648530690651,0.3422751469309349,0.33365,0.34325,0.33435,0.33865,0.34298,0.0,0.33892,100000.0,1,10.0,8,5
qkv,fh_on,model,follower,partial_band,2.0,0.33892,0.0038277930978567,0.0017118411141224,0.3355648530690651,0.3422751469309349,0.33365,0.34325,0.33435,0.33865,0.34298,0.0,0.33892,100000.0,1,10.0,8,5
qkv,fh_on,model,follower,partial_band,6.0,0.33892,0.0038277930978567,0.0017118411141224,0.3355648530690651,0.3422751469309349,0.33365,0.34325,0.33435,0.33865,0.34298,0.0,0.33892,100000.0,1,10.0,8,5
qkv,fh_on,model,follower,partial_band,10.0,0.33892,0.0038277930978567,0.0017118411141224,0.3355648530690651,0.3422751469309349,0.33365,0.34325,0.33435,0.33865,0.34298,0.0,0.33892,100000.0,1,10.0,8,5
qkv,fh_off,omniscient,sweep,cw,-10.0,0.3520599999999999,0.026996282151437,0.0120731044060755,0.3283971501825001,0.3757228498174997,0.3267,0.38625,0.32794,0.33875,0.38414,1.0,0.33841,100000.0,1,10.0,8,5
qkv,fh_off,omniscient,sweep,cw,-6.0,0.38991,0.0664861207320745,0.0297334971034353,0.3316334165428406,0.4481865834571593,0.33965,0.477,0.34005,0.34475,0.4709,1.0,0.33841,100000.0,1,10.0,8,5
qkv,fh_off,omniscient,sweep,cw,-2.0,0.4299799999999999,0.0707601459156211,0.0316448992730266,0.36795713713047,0.4920028628695298,0.3459,0.5061,0.35574,0.40125,0.50519,1.0,0.33841,100000.0,1,10.0,8,5
qkv,fh_off,omniscient,sweep,cw,2.0,0.45349,0.0679853881359811,0.0304039898697522,0.3938992748689649,0.5130807251310352,0.33875,0.5075,0.3627,0.461,0.50634,1.0,0.33841,100000.0,1,10.0,8,5
qkv,fh_off,omniscient,sweep,cw,6.0,0.4713199999999999,0.0639986581890589,0.0286210700359018,0.4152237335306338,0.5274162664693661,0.35725,0.5075,0.38435,0.4974,0.50634,1.0,0.33841,100000.0,1,10.0,8,5
qkv,fh_off,omniscient,sweep,cw,10.0,0.48006,0.0499931295279661,0.0223576072064968,0.436239895094773,0.5238801049052271,0.3908,0.5075,0.4125,0.501,0.50634,1.0,0.33841,100000.0,1,10.0,8,5
qkv,fh_off_blind,band_agnostic,sweep,cw,-10.0,0.3399,0.0031326905369027,0.0014009817985969,0.3371541261317538,0.3426458738682462,0.33595,0.343,0.33619,0.3417,0.34274,0.125,0.33841,100000.0,1,10.0,8,5
qkv,fh_off_blind,band_agnostic,sweep,cw,-6.0,0.34451,0.0079756974616644,0.0035668403384508,0.3375191213980317,0.3515008786019682,0.3373,0.35525,0.33731,0.3425,0.35423,0.125,0.33841,100000.0,1,10.0,8,5
qkv,fh_off_blind,band_agnostic,sweep,cw,-2.0,0.34924,0.0090186889291071,0.0040332803026816,0.3413349158671891,0.3571450841328109,0.3371,0.35845,0.33872,0.3476,0.35833,0.125,0.33841,100000.0,1,10.0,8,5
qkv,fh_off_blind,band_agnostic,sweep,cw,2.0,0.35262,0.0091861716726827,0.0041081808626203,0.3445681134672874,0.3606718865327125,0.33645,0.35845,0.3401,0.3554,0.35838,0.125,0.33841,100000.0,1,10.0,8,5
qkv,fh_off_blind,band_agnostic,sweep,cw,6.0,0.35462,0.0082604176649852,0.0036941710842894,0.3473795577220634,0.3618604422779365,0.33985,0.35865,0.3434899999999999,0.3581,0.35861,0.125,0.33841,100000.0,1,10.0,8,5
qkv,fh_off_blind,band_agnostic,sweep,cw,10.0,0.35571,0.0067306574715996,0.0030100415279527,0.3498104270132428,0.3616095729867573,0.3437,0.35935,0.34658,0.35845,0.35927,0.125,0.33841,100000.0,1,10.0,8,5
qkv,fh_on,model,sweep,cw,-10.0,0.3400999999999999,0.0044509830374873,0.001990540127704,0.3361986130399182,0.3440013869600816,0.33595,0.34525,0.33618,0.3376,0.34512,0.1219199999999999,0.3385599999999999,100000.0,1,10.0,8,5
qkv,fh_on,model,sweep,cw,-6.0,0.3452199999999999,0.0084592109561116,0.0037830741467753,0.3378053109214757,0.3526346890785242,0.33745,0.3551,0.33771,0.3412,0.3548,0.1219199999999999,0.3385599999999999,100000.0,1,10.0,8,5
qkv,fh_on,model,sweep,cw,-2.0,0.35023,0.0093555865663249,0.0041839455063372,0.3420296174943007,0.3584303825056992,0.33805,0.36075,0.33963,0.34795,0.36029,0.1219199999999999,0.3385599999999999,100000.0,1,10.0,8,5
qkv,fh_on,model,sweep,cw,2.0,0.35353,0.0095695219316327,0.0042796203102611,0.345142098324382,0.361917901675618,0.3369,0.3609,0.34047,0.35665,0.36041,0.1219199999999999,0.3385599999999999,100000.0,1,10.0,8,5
qkv,fh_on,model,sweep,cw,6.0,0.35522,0.009470916006385,0.0042355223998935,0.3469185286404959,0.363521471359504,0.3384,0.3609,0.34236,0.35845,0.36075,0.1219199999999999,0.3385599999999999,100000.0,1,10.0,8,5
qkv,fh_on,model,sweep,cw,10.0,0.35661,0.0072822901617554,0.0032567391667126,0.3502269085262022,0.3629930914737977,0.34375,0.36105,0.34669,0.3589,0.36102,0.1219199999999999,0.3385599999999999,100000.0,1,10.0,8,5
qkv,fh_off,omniscient,sweep,partial_band,-10.0,0.33936,0.0159694004270667,0.007141732982967,0.3253624605661827,0.3533575394338173,0.32635,0.3594,0.3265599999999999,0.3297,0.35831,1.0,0.33841,100000.0,1,10.0,8,5
qkv,fh_off,omniscient,sweep,partial_band,-6.0,0.35579,0.0335952079916169,0.0150242337574999,0.3263430429399893,0.3852369570600107,0.326,0.39365,0.32704,0.3371,0.39312,1.0,0.33841,100000.0,1,10.0,8,5
qkv,fh_off,omniscient,sweep,partial_band,-2.0,0.40547,0.0550850546881819,0.0246347853654136,0.3571867079169148,0.4537532920830852,0.35045,0.4669,0.3527599999999999,0.38685,0.46575,1.0,0.33841,100000.0,1,10.0,8,5
qkv,fh_off,omniscient,sweep,partial_band,2.0,0.4585,0.0371460966993841,0.0166122394637207,0.4259406089485524,0.4910593910514476,0.4173,0.49935,0.41989,0.45105,0.49839,1.0,0.33841,100000.0,1,10.0,8,5
qkv,fh_off,omniscient,sweep,partial_band,6.0,0.4906,0.0111924081412357,0.005005397087145,0.480789601980874,0.5004103980191259,0.47455,0.50155,0.47641,0.49455,0.50094,1.0,0.33841,100000.0,1,10.0,8,5
qkv,fh_off,omniscient,sweep,partial_band,10.0,0.4982999999999999,0.0038382938918222,0.0017165372119473,0.4949356488864603,0.5016643511135396,0.49175,0.50175,0.49314,0.49925,0.50141,1.0,0.33841,100000.0,1,10.0,8,5
qkv,fh_off_blind,band_agnostic,sweep,partial_band,-10.0,0.3384699999999999,0.003719979838655,0.0016636255588322,0.3352093538209283,0.3417306461790715,0.33565,0.34475,0.33576,0.33685,0.34358,0.125,0.33841,100000.0,1,10.0,8,5
qkv,fh_off_blind,band_agnostic,sweep,partial_band,-6.0,0.3400999999999999,0.0058451903305196,0.0026140485840932,0.3349765589213392,0.3452234410786607,0.3353,0.34865,0.33542,0.33695,0.34766,0.125,0.33841,100000.0,1,10.0,8,5
qkv,fh_off_blind,band_agnostic,sweep,partial_band,-2.0,0.34626,0.0085779805315703,0.0038361895156522,0.3387412067114515,0.3537787932885485,0.3383,0.3567,0.3387199999999999,0.34155,0.35623,0.125,0.33841,100000.0,1,10.0,8,5
qkv,fh_off_blind,band_agnostic,sweep,partial_band,2.0,0.3524199999999999,0.006906482462151,0.0030886728541559,0.3463663124458277,0.3584736875541722,0.34395,0.36065,0.3449,0.35055,0.36017,0.125,0.33841,100000.0,1,10.0,8,5
qkv,fh_off_blind,band_agnostic,sweep,partial_band,6.0,0.3563,0.0040986278191609,0.0018329620836231,0.3527074603310712,0.3598925396689288,0.3512,0.3613,0.35158,0.35745,0.36073,0.125,0.33841,100000.0,1,10.0,8,5
qkv,fh_off_blind,band_agnostic,sweep,partial_band,10.0,0.3572799999999999,0.0032595245052001,0.0014577036735907,0.3544229532996303,0.3601370467003695,0.35385,0.3612,0.35387,0.35835,0.36077,0.125,0.33841,100000.0,1,10.0,8,5
qkv,fh_on,model,sweep,partial_band,-10.0,0.3385499999999999,0.0028246681220985,0.0012632299869778,0.3360741147213324,0.3410258852786675,0.3354,0.34135,0.3354399999999999,0.34015,0.34113,0.1219199999999999,0.3385599999999999,100000.0,1,10.0,8,5
qkv,fh_on,model,sweep,partial_band,-6.0,0.3403599999999999,0.0044136719406861,0.0019738540979515,0.3364913170572782,0.3442286829427217,0.33595,0.3454,0.33601,0.33985,0.34519,0.1219199999999999,0.3385599999999999,100000.0,1,10.0,8,5
qkv,fh_on,model,sweep,partial_band,-2.0,0.34646,0.0070853193294303,0.0031686511325799,0.3402495579005713,0.3526704420994286,0.3396,0.35405,0.33977,0.3443,0.35402,0.1219199999999999,0.3385599999999999,100000.0,1,10.0,8,5
qkv,fh_on,model,sweep,partial_band,2.0,0.3535899999999999,0.0045624006838505,0.0020403676139362,0.3495909529614629,0.357589047038537,0.3486,0.3583,0.34878,0.35355,0.35824,0.1219199999999999,0.3385599999999999,100000.0,1,10.0,8,5
qkv,fh_on,model,sweep,partial_band,6.0,0.35795,0.0016496211686323,0.0007377330140369,0.3565040698622815,0.3593959301377186,0.35535,0.35985,0.35582,0.3584,0.35957,0.1219199999999999,0.3385599999999999,100000.0,1,10.0,8,5
qkv,fh_on,model,sweep,partial_band,10.0,0.3588,0.0019707232175016,0.0008813342158341,0.3570726166786222,0.3605273833213778,0.3563,0.3618,0.35673,0.35845,0.36124,0.1219199999999999,0.3385599999999999,100000.0,1,10.0,8,5
lstm,fh_off,omniscient,barrage,cw,-10.0,0.27352,0.0519278778692139,0.0232228529685738,0.2280040445633261,0.3190359554366739,0.21135,0.32755,0.21705,0.26285,0.32724,1.0,0.27734,100000.0,1,10.0,8,5
lstm,fh_off,omniscient,barrage,cw,-6.0,0.32554,0.0724346895485857,0.0323937779519462,0.2620493618909976,0.3890306381090023,0.2424,0.3962,0.24511,0.3457,0.39445,1.0,0.27734,100000.0,1,10.0,8,5
lstm,fh_off,omniscient,barrage,cw,-2.0,0.42378,0.1266396146551307,0.0566349574026501,0.3127775232248455,0.5347824767751544,0.19845,0.49775,0.25105,0.4772,0.49501,1.0,0.27734,100000.0,1,10.0,8,5
lstm,fh_off,omniscient,barrage,cw,2.0,0.4527899999999999,0.0955228205718403,0.04271910404023,0.3690620946293295,0.5365179053706703,0.28245,0.50325,0.3225599999999999,0.4963,0.50239,1.0,0.27734,100000.0,1,10.0,8,5
lstm,fh_off,omniscient,barrage,cw,6.0,0.49855,0.0040937452290048,0.001830778522924,0.4949617400313994,0.5021382599686006,0.4922,0.50315,0.49325,0.4996,0.50259,1.0,0.27734,100000.0,1,10.0,8,5
lstm,fh_off,omniscient,barrage,cw,10.0,0.50023,0.0028808852806038,0.0012883710645617,0.4977048391147354,0.5027551608852645,0.496,0.50315,0.49672,0.4997,0.50306,1.0,0.27734,100000.0,1,10.0,8,5
lstm,fh_off_blind,band_agnostic,barrage,cw,-10.0,0.27352,0.0519278778692139,0.0232228529685738,0.2280040445633261,0.3190359554366739,0.21135,0.32755,0.21705,0.26285,0.32724,1.0,0.27734,100000.0,1,10.0,8,5
lstm,fh_off_blind,band_agnostic,barrage,cw,-6.0,0.32554,0.0724346895485857,0.0323937779519462,0.2620493618909976,0.3890306381090023,0.2424,0.3962,0.24511,0.3457,0.39445,1.0,0.27734,100000.0,1,10.0,8,5
lstm,fh_off_blind,band_agnostic,barrage,cw,-2.0,0.42378,0.1266396146551307,0.0566349574026501,0.3127775232248455,0.5347824767751544,0.19845,0.49775,0.25105,0.4772,0.49501,1.0,0.27734,100000.0,1,10.0,8,5
lstm,fh_off_blind,band_agnostic,barrage,cw,2.0,0.4527899999999999,0.0955228205718403,0.04271910404023,0.3690620946293295,0.5365179053706703,0.28245,0.50325,0.3225599999999999,0.4963,0.50239,1.0,0.27734,100000.0,1,10.0,8,5
lstm,fh_off_blind,band_agnostic,barrage,cw,6.0,0.49855,0.0040937452290048,0.001830778522924,0.4949617400313994,0.5021382599686006,0.4922,0.50315,0.49325,0.4996,0.50259,1.0,0.27734,100000.0,1,10.0,8,5
lstm,fh_off_blind,band_agnostic,barrage,cw,10.0,0.50023,0.0028808852806038,0.0012883710645617,0.4977048391147354,0.5027551608852645,0.496,0.50315,0.49672,0.4997,0.50306,1.0,0.27734,100000.0,1,10.0,8,5
lstm,fh_on,model,barrage,cw,-10.0,0.2742099999999999,0.0437874753782403,0.0195823543017687,0.2358292908360302,0.3125907091639696,0.22755,0.32045,0.23013,0.26275,0.32033,1.0,0.2728,100000.0,1,10.0,8,5
lstm,fh_on,model,barrage,cw,-6.0,0.32524,0.06919219970488,0.0309436924105705,0.2645914773265964,0.3858885226734036,0.24265,0.3932,0.24685,0.34085,0.39173,1.0,0.2728,100000.0,1,10.0,8,5
lstm,fh_on,model,barrage,cw,-2.0,0.42205,0.1240229767018998,0.0554647613354641,0.3133410653713806,0.5307589346286194,0.2015,0.49655,0.25303,0.47315,0.49322,1.0,0.2728,100000.0,1,10.0,8,5
lstm,fh_on,model,barrage,cw,2.0,0.45364,0.0940922844870927,0.0420793488542776,0.371165991752719,0.5361140082472811,0.2857,0.50315,0.32573,0.49535,0.50215,1.0,0.2728,100000.0,1,10.0,8,5
lstm,fh_on,model,barrage,cw,6.0,0.49853,0.0051408413708263,0.0022990541533421,0.4940239366609421,0.5030360633390579,0.48975,0.50315,0.49165,0.4996,0.5027,1.0,0.2728,100000.0,1,10.0,8,5
lstm,fh_on,model,barrage,cw,10.0,0.50027,0.0028079351844371,0.0012557467897629,0.4978087815183628,0.5027312184816373,0.4962,0.50315,0.49688,0.4997,0.50306,1.0,0.2728,100000.0,1,10.0,8,5
lstm,fh_off,omniscient,barrage,partial_band,-10.0,0.28617,0.0380741644688363,0.017027283987765,0.2527971366294449,0.319542863370555,0.2441,0.3266,0.24547,0.2892,0.32528,1.0,0.27734,100000.0,1,10.0,8,5
lstm,fh_off,omniscient,barrage,partial_band,-6.0,0.31383,0.0750362045948487,0.0335572108495327,0.248059075313299,0.379600924686701,0.23025,0.3927,0.23204,0.3362,0.38832,1.0,0.27734,100000.0,1,10.0,8,5
lstm,fh_off,omniscient,barrage,partial_band,-2.0,0.40831,0.0547494223713821,0.0244846860302516,0.3603208972079358,0.4562991027920642,0.35045,0.46935,0.35062,0.4248,0.4646099999999999,1.0,0.27734,100000.0,1,10.0,8,5
lstm,fh_off,omniscient,barrage,partial_band,2.0,0.49187,0.0042631561078618,0.0019065413711745,0.4881332475774624,0.4956067524225376,0.4872,0.4981,0.48762,0.4908,0.49727,1.0,0.27734,100000.0,1,10.0,8,5
lstm,fh_off,omniscient,barrage,partial_band,6.0,0.49845,0.0049733037309217,0.0022241290430188,0.4940907871787135,0.5028092128212865,0.493,0.50385,0.49321,0.49835,0.50368,1.0,0.27734,100000.0,1,10.0,8,5
lstm,fh_off,omniscient,barrage,partial_band,10.0,0.5008100000000001,0.0030816797367669,0.0013781690752589,0.4981088382478857,0.5035111617521144,0.49635,0.50415,0.497,0.5008,0.50395,1.0,0.27734,100000.0,1,10.0,8,5
lstm,fh_off_blind,band_agnostic,barrage,partial_band,-10.0,0.28617,0.0380741644688363,0.017027283987765,0.2527971366294449,0.319542863370555,0.2441,0.3266,0.24547,0.2892,0.32528,1.0,0.27734,100000.0,1,10.0,8,5
lstm,fh_off_blind,band_agnostic,barrage,partial_band,-6.0,0.31383,0.0750362045948487,0.0335572108495327,0.248059075313299,0.379600924686701,0.23025,0.3927,0.23204,0.3362,0.38832,1.0,0.27734,100000.0,1,10.0,8,5
lstm,fh_off_blind,band_agnostic,barrage,partial_band,-2.0,0.40831,0.0547494223713821,0.0244846860302516,0.3603208972079358,0.4562991027920642,0.35045,0.46935,0.35062,0.4248,0.4646099999999999,1.0,0.27734,100000.0,1,10.0,8,5
lstm,fh_off_blind,band_agnostic,barrage,partial_band,2.0,0.49187,0.0042631561078618,0.0019065413711745,0.4881332475774624,0.4956067524225376,0.4872,0.4981,0.48762,0.4908,0.49727,1.0,0.27734,100000.0,1,10.0,8,5
lstm,fh_off_blind,band_agnostic,barrage,partial_band,6.0,0.49845,0.0049733037309217,0.0022241290430188,0.4940907871787135,0.5028092128212865,0.493,0.50385,0.49321,0.49835,0.50368,1.0,0.27734,100000.0,1,10.0,8,5
lstm,fh_off_blind,band_agnostic,barrage,partial_band,10.0,0.5008100000000001,0.0030816797367669,0.0013781690752589,0.4981088382478857,0.5035111617521144,0.49635,0.50415,0.497,0.5008,0.50395,1.0,0.27734,100000.0,1,10.0,8,5
lstm,fh_on,model,barrage,partial_band,-10.0,0.28263,0.040512522755316,0.0181177509641787,0.2471198606293438,0.3181401393706562,0.2389,0.32335,0.23904,0.2992,0.3211,1.0,0.2728,100000.0,1,10.0,8,5
lstm,fh_on,model,barrage,partial_band,-6.0,0.3115,0.0793445098919893,0.0354839435519785,0.2419527486086697,0.3810472513913302,0.22595,0.3918,0.22616,0.34525,0.38694,1.0,0.2728,100000.0,1,10.0,8,5
lstm,fh_on,model,barrage,partial_band,-2.0,0.4073299999999999,0.0569682323755968,0.0254769680299677,0.3573960602259847,0.4572639397740152,0.33985,0.4712,0.34296,0.4277,0.46546,1.0,0.2728,100000.0,1,10.0,8,5
lstm,fh_on,model,barrage,partial_band,2.0,0.48986,0.0038588210634855,0.0017257172421923,0.4864776563578032,0.4932423436421968,0.48635,0.49435,0.48645,0.48805,0.49422,1.0,0.2728,100000.0,1,10.0,8,5
lstm,fh_on,model,barrage,partial_band,6.0,0.4983799999999999,0.0052684912451289,0.0023561409125941,0.493762048668814,0.5029979513311857,0.49225,0.50395,0.49259,0.4986,0.50379,1.0,0.2728,100000.0,1,10.0,8,5
lstm,fh_on,model,barrage,partial_band,10.0,0.50066,0.0030111044485371,0.0013466068468562,0.4980206990788268,0.5032993009211731,0.4966,0.5041,0.49722,0.49975,0.50391,1.0,0.2728,100000.0,1,10.0,8,5
lstm,fh_off,omniscient,fixed_partial,cw,-10.0,0.27191,0.0443628419964276,0.0198396660758189,0.2330249690260938,0.3107950309739061,0.2278,0.32195,0.22868,0.26355,0.32037,1.0,0.27042,100000.0,1,10.0,8,5
lstm,fh_off,omniscient,fixed_partial,cw,-6.0,0.32306,0.0681352460184888,0.0304710083522025,0.2633379210570638,0.3827820789429362,0.24415,0.4009,0.24812,0.3309,0.39579,1.0,0.27042,100000.0,1,10.0,8,5
lstm,fh_off,omniscient,fixed_partial,cw,-2.0,0.4227299999999999,0.1243511841519814,0.055611540169285,0.3137333841433988,0.531726615856601,0.20175,0.4963,0.25266,0.4788,0.49314,1.0,0.27042,100000.0,1,10.0,8,5
lstm,fh_off,omniscient,fixed_partial,cw,2.0,0.45441,0.0942655981787629,0.0421568570934788,0.3717840783953795,0.5370359216046205,0.2862,0.50355,0.32684,0.4903,0.50336,1.0,0.27042,100000.0,1,10.0,8,5
lstm,fh_off,omniscient,fixed_partial,cw,6.0,0.49782,0.0054639271591045,0.002443542510373,0.4930307446849763,0.5026092553150238,0.4929,0.50375,0.49291,0.49595,0.50371,1.0,0.27042,100000.0,1,10.0,8,5
lstm,fh_off,omniscient,fixed_partial,cw,10.0,0.4992499999999999,0.0041785164831552,0.0018686893802877,0.4955874361163436,0.5029125638836563,0.49505,0.50375,0.49519,0.49815,0.50371,1.0,0.27042,100000.0,1,10.0,8,5
lstm,fh_off_blind,band_agnostic,fixed_partial,cw,-10.0,0.2904,0.0255136483083074,0.0114100503942796,0.2680367121654249,0.312763287834575,0.2673,0.32195,0.26864,0.2747,0.32037,0.4,0.27042,100000.0,1,10.0,8,5
lstm,fh_off_blind,band_agnostic,fixed_partial,cw,-6.0,0.31845,0.0643074645744955,0.0287591724498463,0.2620830577731247,0.3748169422268753,0.2673,0.4009,0.26864,0.2747,0.39579,0.4,0.27042,100000.0,1,10.0,8,5
lstm,fh_off_blind,band_agnostic,fixed_partial,cw,-2.0,0.35022,0.107440993107845,0.0480490728318455,0.2560455477590407,0.4443944522409593,0.2673,0.4788,0.26864,0.2747,0.4743,0.4,0.27042,100000.0,1,10.0,8,5
lstm,fh_off_blind,band_agnostic,fixed_partial,cw,2.0,0.35914,0.1193567467720195,0.0533779598710928,0.2545211210844337,0.4637588789155663,0.2673,0.4903,0.26864,0.2747,0.49012,0.4,0.27042,100000.0,1,10.0,8,5
lstm,fh_off_blind,band_agnostic,fixed_partial,cw,6.0,0.36097,0.1218662053237073,0.0545002238527512,0.2541515240992367,0.4677884759007633,0.2673,0.49595,0.26864,0.2747,0.49534,0.4,0.27042,100000.0,1,10.0,8,5
lstm,fh_off_blind,band_agnostic,fixed_partial,cw,10.0,0.3619799999999999,0.1232469705510038,0.0551177208345918,0.253951252254267,0.4700087477457329,0.2673,0.49815,0.26864,0.2747,0.49767,0.4,0.27042,100000.0,1,10.0,8,5
lstm,fh_on,model,fixed_partial,cw,-10.0,0.27215,0.0111191838729288,0.0049726501988376,0.2624037847025622,0.2818962152974377,0.2583,0.28615,0.2595699999999999,0.2724,0.28477,0.25,0.27191,100000.0,1,10.0,8,5
lstm,fh_on,model,fixed_partial,cw,-6.0,0.2851299999999999,0.016421502671802,0.0073439192533687,0.2707361827580269,0.2995238172419729,0.26775,0.30435,0.26794,0.2885,0.30275,0.25,0.27191,100000.0,1,10.0,8,5
lstm,fh_on,model,fixed_partial,cw,-2.0,0.31007,0.0291536146986956,0.013037892851224,0.2845161995773085,0.3356238004226914,0.2586,0.33015,0.27038,0.32045,0.32885,0.25,0.27191,100000.0,1,10.0,8,5
lstm,fh_on,model,fixed_partial,cw,2.0,0.31772,0.0203141453179797,0.0090847619671623,0.2999141937362425,0.3355258062637575,0.28165,0.331,0.29033,0.32535,0.32991,0.25,0.27191,100000.0,1,10.0,8,5
lstm,fh_on,model,fixed_partial,cw,6.0,0.3288,0.0035492957047842,0.0015872932936291,0.325688962311585,0.331911037688415,0.32515,0.33385,0.32545,0.32735,0.3332799999999999,0.25,0.27191,100000.0,1,10.0,8,5
lstm,fh_on,model,fixed_partial,cw,10.0,0.3291099999999999,0.0036327331308534,0.0016246076449407,0.3259258275269076,0.3322941724730923,0.32515,0.33435,0.32548,0.32825,0.33368,0.25,0.27191,100000.0,1,10.0,8,5
lstm,fh_off,omniscient,fixed_partial,partial_band,-10.0,0.28191,0.0438923028559678,0.0196292345749904,0.2434374071889303,0.3203825928110696,0.23335,0.33005,0.23412,0.3019,0.32545,1.0,0.27042,100000.0,1,10.0,8,5
lstm,fh_off,omniscient,fixed_partial,partial_band,-6.0,0.31072,0.0834722079497122,0.0373299062415109,0.2375547282203815,0.3838852717796184,0.22155,0.40255,0.22179,0.346,0.39419,1.0,0.27042,100000.0,1,10.0,8,5
lstm,fh_off,omniscient,fixed_partial,partial_band,-2.0,0.4024199999999999,0.065347385181046,0.0292242390833362,0.345141543921073,0.4596984560789269,0.32545,0.4808,0.32924,0.426,0.47173,1.0,0.27042,100000.0,1,10.0,8,5
lstm,fh_off,omniscient,fixed_partial,partial_band,2.0,0.4899099999999999,0.0075036157950683,0.0033557189989628,0.483332911619796,0.4964870883802039,0.48455,0.50115,0.48458,0.48495,0.49976,1.0,0.27042,100000.0,1,10.0,8,5
lstm,fh_off,omniscient,fixed_partial,partial_band,6.0,0.4989,0.0046974727247744,0.0021007736670093,0.4947825592729915,0.5030174407270085,0.49295,0.5035,0.49333,0.501,0.5032399999999999,1.0,0.27042,100000.0,1,10.0,8,5
lstm,fh_off,omniscient,fixed_partial,partial_band,10.0,0.50047,0.0041146992599702,0.0018401494504523,0.4968633733509422,0.5040766266490577,0.49595,0.5051,0.49606,0.50125,0.50479,1.0,0.27042,100000.0,1,10.0,8,5
lstm,fh_off_blind,band_agnostic,fixed_partial,partial_band,-10.0,0.27205,0.0248641810643342,0.0111195998129429,0.2502559848441336,0.2938440151558664,0.2372,0.30705,0.24322,0.274,0.3005799999999999,0.4,0.27042,100000.0,1,10.0,8,5
lstm,fh_off_blind,band_agnostic,fixed_partial,partial_band,-6.0,0.2799,0.0500586031567002,0.0223868879034134,0.2360225059833742,0.3237774940166258,0.22275,0.36075,0.23166,0.274,0.34354,0.4,0.27042,100000.0,1,10.0,8,5
lstm,fh_off_blind,band_agnostic,fixed_partial,partial_band,-2.0,0.31538,0.0710581856649886,0.0317781867009431,0.2530958985721617,0.3776641014278383,0.2673,0.43545,0.26864,0.2747,0.41345,0.4,0.27042,100000.0,1,10.0,8,5
lstm,fh_off_blind,band_agnostic,fixed_partial,partial_band,2.0,0.35705,0.1164953432545696,0.0520983013158778,0.2549392057651637,0.4591607942348362,0.2673,0.4847,0.26864,0.2747,0.48467,0.4,0.27042,100000.0,1,10.0,8,5
lstm,fh_off_blind,band_agnostic,fixed_partial,partial_band,6.0,0.36237,0.1237970294473983,0.0553637146513851,0.2538591132329326,0.4708808867670674,0.2673,0.501,0.26864,0.2747,0.49977,0.4,0.27042,100000.0,1,10.0,8,5
lstm,fh_off_blind,band_agnostic,fixed_partial,partial_band,10.0,0.3626399999999999,0.1241616859179996,0.0555267939827251,0.2538094836168834,0.4714705163831165,0.2673,0.50125,0.26864,0.2747,0.50019,0.4,0.27042,100000.0,1,10.0,8,5
lstm,fh_on,model,fixed_partial,partial_band,-10.0,0.27474,0.0101537185306664,0.0045408809717939,0.2658400368372007,0.2836399631627992,0.26405,0.28955,0.26452,0.27645,0.2870899999999999,0.25,0.27191,100000.0,1,10.0,8,5
lstm,fh_on,model,fixed_partial,partial_band,-6.0,0.28124,0.0198835799090606,0.0088922072625417,0.2638115940223527,0.2986684059776473,0.2608,0.3059,0.26081,0.2872,0.30301,0.25,0.27191,100000.0,1,10.0,8,5
lstm,fh_on,model,fixed_partial,partial_band,-2.0,0.3048499999999999,0.0160005859267715,0.0071556795624175,0.2908251257727522,0.3188748742272476,0.2854,0.32605,0.28697,0.3072,0.32331,0.25,0.27191,100000.0,1,10.0,8,5
lstm,fh_on,model,fixed_partial,partial_band,2.0,0.32676,0.005057593301166,0.0022618244847909,0.3223269054704588,0.3311930945295412,0.3215,0.3341,0.32195,0.32485,0.3332,0.25,0.27191,100000.0,1,10.0,8,5
lstm,fh_on,model,fixed_partial,partial_band,6.0,0.32798,0.0043192302554969,0.0019316184923529,0.3241940973231166,0.3317659026768834,0.32215,0.33315,0.32288,0.3278,0.33272,0.25,0.27191,100000.0,1,10.0,8,5
lstm,fh_on,model,fixed_partial,partial_band,10.0,0.32865,0.0042819388132013,0.0019149412523625,0.3248967841128592,0.3324032158871407,0.3233,0.3345,0.3239499999999999,0.3279,0.3338,0.25,0.27191,100000.0,1,10.0,8,5
lstm,fh_off,omniscient,follower,cw,-10.0,0.27738,0.0429190022018219,0.0191939612899474,0.2397605271510471,0.3149994728489529,0.2384,0.3261,0.23973,0.2557,0.32521,1.0,0.27556,100000.0,1,10.0,8,5
lstm,fh_off,omniscient,follower,cw,-6.0,0.32576,0.0724905718007521,0.0324187692548622,0.2622203798373556,0.3892996201626443,0.2334,0.3966,0.24086,0.3366,0.39558,1.0,0.27556,100000.0,1,10.0,8,5
lstm,fh_off,omniscient,follower,cw,-2.0,0.42305,0.1314575882176453,0.058789620682566,0.3078244607973995,0.5382755392026005,0.18885,0.4989,0.24416,0.481,0.49534,1.0,0.27556,100000.0,1,10.0,8,5
lstm,fh_off,omniscient,follower,cw,2.0,0.45371,0.0968346683786338,0.0433057802146549,0.3688322304568691,0.5385877695431309,0.28075,0.50345,0.32253,0.49435,0.50283,1.0,0.27556,100000.0,1,10.0,8,5
lstm,fh_off,omniscient,follower,cw,6.0,0.49826,0.0042939492311856,0.0019203124745728,0.4944962567107743,0.5020237432892257,0.4944,0.50345,0.49453,0.49605,0.50323,1.0,0.27556,100000.0,1,10.0,8,5
lstm,fh_off,omniscient,follower,cw,10.0,0.50022,0.0029297184165035,0.0013102099068469,0.4976520357703923,0.5027879642296077,0.4961,0.50345,0.49662,0.5005,0.50323,1.0,0.27556,100000.0,1,10.0,8,5
lstm,fh_off_blind,band_agnostic,follower,cw,-10.0,0.27556,0.006477113554663,0.0028966532412423,0.2698826639714637,0.2812373360285363,0.26815,0.28265,0.26865,0.27465,0.28246,0.0,0.27556,100000.0,1,10.0,8,5
lstm,fh_off_blind,band_agnostic,follower,cw,-6.0,0.27556,0.006477113554663,0.0028966532412423,0.2698826639714637,0.2812373360285363,0.26815,0.28265,0.26865,0.27465,0.28246,0.0,0.27556,100000.0,1,10.0,8,5
lstm,fh_off_blind,band_agnostic,follower,cw,-2.0,0.27556,0.006477113554663,0.0028966532412423,0.2698826639714637,0.2812373360285363,0.26815,0.28265,0.26865,0.27465,0.28246,0.0,0.27556,100000.0,1,10.0,8,5
lstm,fh_off_blind,band_agnostic,follower,cw,2.0,0.27556,0.006477113554663,0.0028966532412423,0.2698826639714637,0.2812373360285363,0.26815,0.28265,0.26865,0.27465,0.28246,0.0,0.27556,100000.0,1,10.0,8,5
lstm,fh_off_blind,band_agnostic,follower,cw,6.0,0.27556,0.006477113554663,0.0028966532412423,0.2698826639714637,0.2812373360285363,0.26815,0.28265,0.26865,0.27465,0.28246,0.0,0.27556,100000.0,1,10.0,8,5
lstm,fh_off_blind,band_agnostic,follower,cw,10.0,0.27556,0.006477113554663,0.0028966532412423,0.2698826639714637,0.2812373360285363,0.26815,0.28265,0.26865,0.27465,0.28246,0.0,0.27556,100000.0,1,10.0,8,5
lstm,fh_on,model,follower,cw,-10.0,0.27208,0.0039660433683962,0.0017736685146892,0.2686036735906964,0.2755563264093035,0.2674,0.27635,0.26765,0.27265,0.27615,0.0,0.27208,100000.0,1,10.0,8,5
lstm,fh_on,model,follower,cw,-6.0,0.27208,0.0039660433683962,0.0017736685146892,0.2686036735906964,0.2755563264093035,0.2674,0.27635,0.26765,0.27265,0.27615,0.0,0.27208,100000.0,1,10.0,8,5
lstm,fh_on,model,follower,cw,-2.0,0.27208,0.0039660433683962,0.0017736685146892,0.2686036735906964,0.2755563264093035,0.2674,0.27635,0.26765,0.27265,0.27615,0.0,0.27208,100000.0,1,10.0,8,5
lstm,fh_on,model,follower,cw,2.0,0.27208,0.0039660433683962,0.0017736685146892,0.2686036735906964,0.2755563264093035,0.2674,0.27635,0.26765,0.27265,0.27615,0.0,0.27208,100000.0,1,10.0,8,5
lstm,fh_on,model,follower,cw,6.0,0.27208,0.0039660433683962,0.0017736685146892,0.2686036735906964,0.2755563264093035,0.2674,0.27635,0.26765,0.27265,0.27615,0.0,0.27208,100000.0,1,10.0,8,5
lstm,fh_on,model,follower,cw,10.0,0.27208,0.0039660433683962,0.0017736685146892,0.2686036735906964,0.2755563264093035,0.2674,0.27635,0.26765,0.27265,0.27615,0.0,0.27208,100000.0,1,10.0,8,5
lstm,fh_off,omniscient,follower,partial_band,-10.0,0.28738,0.0394783896581408,0.0176552725835655,0.2527763015989742,0.3219836984010258,0.2443,0.3208,0.2444299999999999,0.3062,0.32077,1.0,0.27556,100000.0,1,10.0,8,5
lstm,fh_off,omniscient,follower,partial_band,-6.0,0.3167099999999999,0.0799263363979608,0.0357441442756712,0.2466527645614808,0.386767235438519,0.23035,0.3958,0.23058,0.35065,0.39169,1.0,0.27556,100000.0,1,10.0,8,5
lstm,fh_off,omniscient,follower,partial_band,-2.0,0.4105299999999999,0.0589076671580194,0.0263443096322526,0.3588961019232131,0.4621638980767867,0.3419,0.476,0.34475,0.42765,0.4709899999999999,1.0,0.27556,100000.0,1,10.0,8,5
lstm,fh_off,omniscient,follower,partial_band,2.0,0.49005,0.0043320030009223,0.001937330637759,0.4862529017238461,0.4938470982761538,0.48535,0.49425,0.48542,0.49095,0.4942,1.0,0.27556,100000.0,1,10.0,8,5
lstm,fh_off,omniscient,follower,partial_band,6.0,0.4977299999999999,0.0039000961526608,0.001744176023227,0.4943114778117767,0.5011485221882231,0.4929,0.50335,0.49343,0.4981,0.5024299999999999,1.0,0.27556,100000.0,1,10.0,8,5
lstm,fh_off,omniscient,follower,partial_band,10.0,0.50019,0.0027491816964325,0.0012294714311442,0.4977802802749363,0.5025997197250638,0.49755,0.50345,0.49769,0.49885,0.5033299999999999,1.0,0.27556,100000.0,1,10.0,8,5
lstm,fh_off_blind,band_agnostic,follower,partial_band,-10.0,0.27556,0.006477113554663,0.0028966532412423,0.2698826639714637,0.2812373360285363,0.26815,0.28265,0.26865,0.27465,0.28246,0.0,0.27556,100000.0,1,10.0,8,5
lstm,fh_off_blind,band_agnostic,follower,partial_band,-6.0,0.27556,0.006477113554663,0.0028966532412423,0.2698826639714637,0.2812373360285363,0.26815,0.28265,0.26865,0.27465,0.28246,0.0,0.27556,100000.0,1,10.0,8,5
lstm,fh_off_blind,band_agnostic,follower,partial_band,-2.0,0.27556,0.006477113554663,0.0028966532412423,0.2698826639714637,0.2812373360285363,0.26815,0.28265,0.26865,0.27465,0.28246,0.0,0.27556,100000.0,1,10.0,8,5
lstm,fh_off_blind,band_agnostic,follower,partial_band,2.0,0.27556,0.006477113554663,0.0028966532412423,0.2698826639714637,0.2812373360285363,0.26815,0.28265,0.26865,0.27465,0.28246,0.0,0.27556,100000.0,1,10.0,8,5
lstm,fh_off_blind,band_agnostic,follower,partial_band,6.0,0.27556,0.006477113554663,0.0028966532412423,0.2698826639714637,0.2812373360285363,0.26815,0.28265,0.26865,0.27465,0.28246,0.0,0.27556,100000.0,1,10.0,8,5
lstm,fh_off_blind,band_agnostic,follower,partial_band,10.0,0.27556,0.006477113554663,0.0028966532412423,0.2698826639714637,0.2812373360285363,0.26815,0.28265,0.26865,0.27465,0.28246,0.0,0.27556,100000.0,1,10.0,8,5
lstm,fh_on,model,follower,partial_band,-10.0,0.27208,0.0039660433683962,0.0017736685146892,0.2686036735906964,0.2755563264093035,0.2674,0.27635,0.26765,0.27265,0.27615,0.0,0.27208,100000.0,1,10.0,8,5
lstm,fh_on,model,follower,partial_band,-6.0,0.27208,0.0039660433683962,0.0017736685146892,0.2686036735906964,0.2755563264093035,0.2674,0.27635,0.26765,0.27265,0.27615,0.0,0.27208,100000.0,1,10.0,8,5
lstm,fh_on,model,follower,partial_band,-2.0,0.27208,0.0039660433683962,0.0017736685146892,0.2686036735906964,0.2755563264093035,0.2674,0.27635,0.26765,0.27265,0.27615,0.0,0.27208,100000.0,1,10.0,8,5
lstm,fh_on,model,follower,partial_band,2.0,0.27208,0.0039660433683962,0.0017736685146892,0.2686036735906964,0.2755563264093035,0.2674,0.27635,0.26765,0.27265,0.27615,0.0,0.27208,100000.0,1,10.0,8,5
lstm,fh_on,model,follower,partial_band,6.0,0.27208,0.0039660433683962,0.0017736685146892,0.2686036735906964,0.2755563264093035,0.2674,0.27635,0.26765,0.27265,0.27615,0.0,0.27208,100000.0,1,10.0,8,5
lstm,fh_on,model,follower,partial_band,10.0,0.27208,0.0039660433683962,0.0017736685146892,0.2686036735906964,0.2755563264093035,0.2674,0.27635,0.26765,0.27265,0.27615,0.0,0.27208,100000.0,1,10.0,8,5
lstm,fh_off,omniscient,sweep,cw,-10.0,0.26987,0.0499097635738739,0.022320324818425,0.2261229672326514,0.3136170327673485,0.2158,0.3258,0.21934,0.25555,0.32438,1.0,0.26865,100000.0,1,10.0,8,5
lstm,fh_off,omniscient,sweep,cw,-6.0,0.32429,0.074082145284812,0.033130542555171,0.2593553298035931,0.3892246701964069,0.23585,0.3966,0.24018,0.34335,0.39491,1.0,0.26865,100000.0,1,10.0,8,5
lstm,fh_off,omniscient,sweep,cw,-2.0,0.42392,0.1296466621244064,0.057979749913224,0.3102817783374416,0.5375582216625584,0.19315,0.49515,0.24661,0.48395,0.4935,1.0,0.26865,100000.0,1,10.0,8,5
lstm,fh_off,omniscient,sweep,cw,2.0,0.4577299999999999,0.093127550971772,0.0416479069101917,0.3761016024245472,0.5393583975754527,0.29145,0.5067,0.3313899999999999,0.49765,0.5057,1.0,0.26865,100000.0,1,10.0,8,5
lstm,fh_off,omniscient,sweep,cw,6.0,0.5000699999999999,0.0047060599231203,0.0021046139788569,0.4959450324000808,0.504194967599919,0.496,0.5075,0.49613,0.4985,0.50634,1.0,0.26865,100000.0,1,10.0,8,5
lstm,fh_off,omniscient,sweep,cw,10.0,0.50204,0.0032092444593704,0.0014352177535133,0.4992270248931413,0.5048529751068588,0.49945,0.5075,0.49955,0.5016,0.50634,1.0,0.26865,100000.0,1,10.0,8,5
lstm,fh_off_blind,band_agnostic,sweep,cw,-10.0,0.26904,0.0125881591187909,0.00562959590024,0.258006194788015,0.2800738052119849,0.25735,0.2902,0.25842,0.266,0.28595,0.125,0.26865,100000.0,1,10.0,8,5
lstm,fh_off_blind,band_agnostic,sweep,cw,-6.0,0.27651,0.013840718911964,0.0061897576689237,0.2643782978958789,0.2886417021041211,0.2634,0.2976,0.26364,0.27835,0.2938,0.125,0.26865,100000.0,1,10.0,8,5
lstm,fh_off_blind,band_agnostic,sweep,cw,-2.0,0.28905,0.0181418370073154,0.0081132761570157,0.2731482709356216,0.3049517290643784,0.25895,0.3075,0.26504,0.29295,0.30529,0.125,0.26865,100000.0,1,10.0,8,5
lstm,fh_off_blind,band_agnostic,sweep,cw,2.0,0.29284,0.0147284333858017,0.006586755650546,0.2799301961499641,0.305749803850036,0.2703,0.31085,0.27426,0.29565,0.30814,0.125,0.26865,100000.0,1,10.0,8,5
lstm,fh_off_blind,band_agnostic,sweep,cw,6.0,0.29863,0.0078349856413397,0.003503912099354,0.2917624584802719,0.3054975415197282,0.29065,0.3117,0.29166,0.2973,0.30892,0.125,0.26865,100000.0,1,10.0,8,5
lstm,fh_off_blind,band_agnostic,sweep,cw,10.0,0.29889,0.0075697093735492,0.0033852769458347,0.2922549791084702,0.3055250208915298,0.2917,0.3117,0.2925,0.2973,0.3089699999999999,0.125,0.26865,100000.0,1,10.0,8,5
lstm,fh_on,model,sweep,cw,-10.0,0.27094,0.0076527282716688,0.0034224041257572,0.2642322111729746,0.2776477888270255,0.2597,0.2798,0.26125,0.2738,0.27863,0.1219199999999999,0.2713,100000.0,1,10.0,8,5
lstm,fh_on,model,sweep,cw,-6.0,0.2771,0.0096243830971132,0.004304154969329,0.2686640112762359,0.285535988723764,0.2642,0.28675,0.2655,0.2785,0.28647,0.1219199999999999,0.2713,100000.0,1,10.0,8,5
lstm,fh_on,model,sweep,cw,-2.0,0.28894,0.0136839504529942,0.0061196486827268,0.2769457089838175,0.3009342910161826,0.26535,0.29805,0.27001,0.2959,0.29779,0.1219199999999999,0.2713,100000.0,1,10.0,8,5
lstm,fh_on,model,sweep,cw,2.0,0.29314,0.0094866616889188,0.004242564083193,0.2848247271948384,0.3014552728051617,0.27705,0.2999,0.28006,0.2978,0.29969,0.1219199999999999,0.2713,100000.0,1,10.0,8,5
lstm,fh_on,model,sweep,cw,6.0,0.29821,0.003789360104292,0.0016946533568845,0.2948885404542264,0.3015314595457735,0.29225,0.30185,0.29324,0.29885,0.30166,0.1219199999999999,0.2713,100000.0,1,10.0,8,5
lstm,fh_on,model,sweep,cw,10.0,0.29846,0.0037971041597512,0.0016981166037701,0.295131752615061,0.3017882473849391,0.29225,0.30225,0.29347,0.29885,0.30192,0.1219199999999999,0.2713,100000.0,1,10.0,8,5
lstm,fh_off,omniscient,sweep,partial_band,-10.0,0.27994,0.0419847948667133,0.018776171068671,0.2431393809378418,0.3167406190621582,0.2352,0.32115,0.23549,0.28955,0.3203499999999999,1.0,0.26865,100000.0,1,10.0,8,5
lstm,fh_off,omniscient,sweep,partial_band,-6.0,0.30989,0.0812018657421121,0.0363145783398348,0.2387147343401654,0.3810652656598345,0.2217,0.3947,0.22266,0.33475,0.39012,1.0,0.26865,100000.0,1,10.0,8,5
lstm,fh_off,omniscient,sweep,partial_band,-2.0,0.40865,0.0588674995222321,0.0263263461194294,0.3570513097613824,0.4602486902386176,0.3373,0.47785,0.3418,0.422,0.4715399999999999,1.0,0.26865,100000.0,1,10.0,8,5
lstm,fh_off,omniscient,sweep,partial_band,2.0,0.48952,0.0079072435146516,0.003536226802681,0.4825891228255798,0.4964508771744201,0.48,0.50025,0.48083,0.48975,0.49889,1.0,0.26865,100000.0,1,10.0,8,5
lstm,fh_off,omniscient,sweep,partial_band,6.0,0.49701,0.0044126805912053,0.0019734107529858,0.4931421859974438,0.5008778140025563,0.48975,0.50165,0.49124,0.49765,0.5010800000000001,1.0,0.26865,100000.0,1,10.0,8,5
lstm,fh_off,omniscient,sweep,partial_band,10.0,0.49872,0.0035806074903569,0.0016012963498366,0.4955815168257448,0.5018584831742552,0.49265,0.5017,0.4939199999999999,0.49925,0.50156,1.0,0.26865,100000.0,1,10.0,8,5
lstm,fh_off_blind,band_agnostic,sweep,partial_band,-10.0,0.2698399999999999,0.0118076458280217,0.0052805397451396,0.2594903322805938,0.280189667719406,0.25865,0.28845,0.25939,0.266,0.28551,0.125,0.26865,100000.0,1,10.0,8,5
lstm,fh_off_blind,band_agnostic,sweep,partial_band,-6.0,0.27372,0.0159417141487357,0.0071293513028886,0.2597467282132045,0.2876932717867955,0.2565,0.29565,0.25759,0.2711,0.2932,0.125,0.26865,100000.0,1,10.0,8,5
lstm,fh_off_blind,band_agnostic,sweep,partial_band,-2.0,0.28634,0.0125194049379353,0.0055988480958139,0.2753664593772939,0.2973135406227061,0.27295,0.30475,0.27427,0.2817,0.30235,0.125,0.26865,100000.0,1,10.0,8,5
lstm,fh_off_blind,band_agnostic,sweep,partial_band,2.0,0.29663,0.0083526642456164,0.003735425009286,0.289308701514849,0.3039512984851509,0.28955,0.31065,0.28985,0.29555,0.30779,0.125,0.26865,100000.0,1,10.0,8,5
lstm,fh_off_blind,band_agnostic,sweep,partial_band,6.0,0.29785,0.0082210856947242,0.0036765812924509,0.2906440330805625,0.3050559669194375,0.29115,0.312,0.29165,0.29515,0.30906,0.125,0.26865,100000.0,1,10.0,8,5
lstm,fh_off_blind,band_agnostic,sweep,partial_band,10.0,0.29793,0.0079753213101416,0.0035666721183758,0.2909394511033201,0.3049205488966799,0.29165,0.3117,0.29205,0.29535,0.30882,0.125,0.26865,100000.0,1,10.0,8,5
lstm,fh_on,model,sweep,partial_band,-10.0,0.27233,0.0077144021155239,0.0034499855072159,0.2655681526586716,0.2790918473413284,0.26435,0.2818,0.26502,0.2685,0.2813,0.1219199999999999,0.2713,100000.0,1,10.0,8,5
lstm,fh_on,model,sweep,partial_band,-6.0,0.27541,0.01183666971745,0.0052935196230863,0.2650348921872948,0.2857851078127053,0.26285,0.2899,0.26349,0.2729,0.2889899999999999,0.1219199999999999,0.2713,100000.0,1,10.0,8,5
lstm,fh_on,model,sweep,partial_band,-2.0,0.28713,0.0098968808217538,0.0044260196565311,0.2784551608783326,0.2958048391216673,0.27565,0.29955,0.27662,0.2852,0.2985899999999999,0.1219199999999999,0.2713,100000.0,1,10.0,8,5
lstm,fh_on,model,sweep,partial_band,2.0,0.29725,0.0038980764487115,0.001743272784162,0.2938332481278136,0.3006667518721864,0.2926,0.3022,0.29291,0.2979,0.30164,0.1219199999999999,0.2713,100000.0,1,10.0,8,5
lstm,fh_on,model,sweep,partial_band,6.0,0.29799,0.003564126821537,0.0015939259706774,0.2948659625034492,0.3011140374965508,0.293,0.3016,0.29356,0.29885,0.3014199999999999,0.1219199999999999,0.2713,100000.0,1,10.0,8,5
lstm,fh_on,model,sweep,partial_band,10.0,0.29825,0.0036611132186808,0.0016372996060587,0.2950409517402233,0.3014590482597767,0.29345,0.3026,0.29392,0.29885,0.3021899999999999,0.1219199999999999,0.2713,100000.0,1,10.0,8,5
mc_dlsk,fh_off,omniscient,barrage,cw,-10.0,0.28151,0.020135460014611,0.0090048514701798,0.263860815432315,0.2991591845676851,0.2546,0.30345,0.25732,0.28465,0.30209,1.0,0.2874,100000.0,1,10.0,8,5
mc_dlsk,fh_off,omniscient,barrage,cw,-6.0,0.31642,0.0536327978013454,0.0239853163414619,0.2694096438129346,0.3634303561870653,0.2453,0.3835,0.25284,0.3271,0.37544,1.0,0.2874,100000.0,1,10.0,8,5
mc_dlsk,fh_off,omniscient,barrage,cw,-2.0,0.42464,0.1124962743827545,0.0503098633470614,0.3260344797726278,0.5232455202273723,0.2253,0.4965,0.27097,0.4699,0.49277,1.0,0.2874,100000.0,1,10.0,8,5
mc_dlsk,fh_off,omniscient,barrage,cw,2.0,0.46854,0.0631213355372016,0.0282287194183512,0.4132127266103452,0.5238672733896549,0.35595,0.503,0.38301,0.49295,0.50231,1.0,0.2874,100000.0,1,10.0,8,5
mc_dlsk,fh_off,omniscient,barrage,cw,6.0,0.49909,0.0037857297843348,0.0016930298284436,0.4957717225114983,0.5024082774885016,0.49345,0.50315,0.49428,0.4996,0.50285,1.0,0.2874,100000.0,1,10.0,8,5
mc_dlsk,fh_off,omniscient,barrage,cw,10.0,0.5002,0.0029361965193086,0.0013131070024944,0.4976263575672635,0.5027736424327365,0.49585,0.50315,0.4966,0.4997,0.50306,1.0,0.2874,100000.0,1,10.0,8,5
mc_dlsk,fh_off_blind,band_agnostic,barrage,cw,-10.0,0.28151,0.020135460014611,0.0090048514701798,0.263860815432315,0.2991591845676851,0.2546,0.30345,0.25732,0.28465,0.30209,1.0,0.2874,100000.0,1,10.0,8,5
mc_dlsk,fh_off_blind,band_agnostic,barrage,cw,-6.0,0.31642,0.0536327978013454,0.0239853163414619,0.2694096438129346,0.3634303561870653,0.2453,0.3835,0.25284,0.3271,0.37544,1.0,0.2874,100000.0,1,10.0,8,5
mc_dlsk,fh_off_blind,band_agnostic,barrage,cw,-2.0,0.42464,0.1124962743827545,0.0503098633470614,0.3260344797726278,0.5232455202273723,0.2253,0.4965,0.27097,0.4699,0.49277,1.0,0.2874,100000.0,1,10.0,8,5
mc_dlsk,fh_off_blind,band_agnostic,barrage,cw,2.0,0.46854,0.0631213355372016,0.0282287194183512,0.4132127266103452,0.5238672733896549,0.35595,0.503,0.38301,0.49295,0.50231,1.0,0.2874,100000.0,1,10.0,8,5
mc_dlsk,fh_off_blind,band_agnostic,barrage,cw,6.0,0.49909,0.0037857297843348,0.0016930298284436,0.4957717225114983,0.5024082774885016,0.49345,0.50315,0.49428,0.4996,0.50285,1.0,0.2874,100000.0,1,10.0,8,5
mc_dlsk,fh_off_blind,band_agnostic,barrage,cw,10.0,0.5002,0.0029361965193086,0.0013131070024944,0.4976263575672635,0.5027736424327365,0.49585,0.50315,0.4966,0.4997,0.50306,1.0,0.2874,100000.0,1,10.0,8,5
mc_dlsk,fh_on,model,barrage,cw,-10.0,0.28308,0.0149411177627378,0.0066818709954622,0.2699837734995511,0.2961762265004488,0.26635,0.30125,0.26719,0.28295,0.29986,1.0,0.28818,100000.0,1,10.0,8,5
mc_dlsk,fh_on,model,barrage,cw,-6.0,0.31643,0.0509506697698862,0.0227858322209218,0.2717705894892209,0.3610894105107791,0.24775,0.3821,0.25618,0.32085,0.37399,1.0,0.28818,100000.0,1,10.0,8,5
mc_dlsk,fh_on,model,barrage,cw,-2.0,0.4249799999999999,0.1108370290110665,0.0495678262585721,0.3278288457412597,0.5221311542587402,0.22885,0.49705,0.27344,0.46965,0.49315,1.0,0.28818,100000.0,1,10.0,8,5
mc_dlsk,fh_on,model,barrage,cw,2.0,0.4692599999999999,0.0601087597609532,0.0268814545737391,0.4165733171834218,0.5219466828165781,0.3622,0.50335,0.38787,0.49065,0.50259,1.0,0.28818,100000.0,1,10.0,8,5
mc_dlsk,fh_on,model,barrage,cw,6.0,0.49897,0.0041274386730755,0.0018458466891917,0.4953522069682017,0.5025877930317982,0.49245,0.50315,0.49357,0.4996,0.50284,1.0,0.28818,100000.0,1,10.0,8,5
mc_dlsk,fh_on,model,barrage,cw,10.0,0.50021,0.0029341523477829,0.0013121928211966,0.4976381493296826,0.5027818506703174,0.49585,0.50315,0.4966,0.49975,0.50306,1.0,0.28818,100000.0,1,10.0,8,5
mc_dlsk,fh_off,omniscient,barrage,partial_band,-10.0,0.28135,0.0135307520116215,0.0060511362569355,0.2694899908708618,0.2932100091291382,0.26505,0.2951,0.26619,0.28165,0.2949199999999999,1.0,0.2874,100000.0,1,10.0,8,5
mc_dlsk,fh_off,omniscient,barrage,partial_band,-6.0,0.29399,0.0298726756417968,0.0133594666809719,0.267805926452632,0.3201740735473679,0.25755,0.335,0.26123,0.29225,0.32984,1.0,0.2874,100000.0,1,10.0,8,5
mc_dlsk,fh_off,omniscient,barrage,partial_band,-2.0,0.3997099999999999,0.0312535477986099,0.0139770114831461,0.3723155608815307,0.4271044391184692,0.3707,0.4508,0.37245,0.39415,0.4413299999999999,1.0,0.2874,100000.0,1,10.0,8,5
mc_dlsk,fh_off,omniscient,barrage,partial_band,2.0,0.48613,0.0145861064030124,0.0065231050888361,0.4733449489585112,0.4989150510414888,0.4652,0.497,0.46742,0.49565,0.4969,1.0,0.2874,100000.0,1,10.0,8,5
mc_dlsk,fh_off,omniscient,barrage,partial_band,6.0,0.49664,0.0067889063920487,0.0030360912371007,0.4906893705215049,0.5025906294784952,0.4879,0.50395,0.48909,0.4944,0.50378,1.0,0.2874,100000.0,1,10.0,8,5
mc_dlsk,fh_off,omniscient,barrage,partial_band,10.0,0.50041,0.0031455126768143,0.0014067160338888,0.4976528872371028,0.5031671127628972,0.49665,0.50415,0.49706,0.4994,0.50395,1.0,0.2874,100000.0,1,10.0,8,5
mc_dlsk,fh_off_blind,band_agnostic,barrage,partial_band,-10.0,0.28135,0.0135307520116215,0.0060511362569355,0.2694899908708618,0.2932100091291382,0.26505,0.2951,0.26619,0.28165,0.2949199999999999,1.0,0.2874,100000.0,1,10.0,8,5
mc_dlsk,fh_off_blind,band_agnostic,barrage,partial_band,-6.0,0.29399,0.0298726756417968,0.0133594666809719,0.267805926452632,0.3201740735473679,0.25755,0.335,0.26123,0.29225,0.32984,1.0,0.2874,100000.0,1,10.0,8,5
mc_dlsk,fh_off_blind,band_agnostic,barrage,partial_band,-2.0,0.3997099999999999,0.0312535477986099,0.0139770114831461,0.3723155608815307,0.4271044391184692,0.3707,0.4508,0.37245,0.39415,0.4413299999999999,1.0,0.2874,100000.0,1,10.0,8,5
mc_dlsk,fh_off_blind,band_agnostic,barrage,partial_band,2.0,0.48613,0.0145861064030124,0.0065231050888361,0.4733449489585112,0.4989150510414888,0.4652,0.497,0.46742,0.49565,0.4969,1.0,0.2874,100000.0,1,10.0,8,5
mc_dlsk,fh_off_blind,band_agnostic,barrage,partial_band,6.0,0.49664,0.0067889063920487,0.0030360912371007,0.4906893705215049,0.5025906294784952,0.4879,0.50395,0.48909,0.4944,0.50378,1.0,0.2874,100000.0,1,10.0,8,5
mc_dlsk,fh_off_blind,band_agnostic,barrage,partial_band,10.0,0.50041,0.0031455126768143,0.0014067160338888,0.4976528872371028,0.5031671127628972,0.49665,0.50415,0.49706,0.4994,0.50395,1.0,0.2874,100000.0,1,10.0,8,5
mc_dlsk,fh_on,model,barrage,partial_band,-10.0,0.28192,0.0141193395737902,0.0063143606168795,0.2695440806055179,0.2942959193944821,0.2649,0.2954,0.26564,0.28855,0.29475,1.0,0.28818,100000.0,1,10.0,8,5
mc_dlsk,fh_on,model,barrage,partial_band,-6.0,0.29247,0.0312610900321789,0.0139803844725386,0.2650689499438012,0.3198710500561987,0.2564,0.33515,0.25872,0.29765,0.32915,1.0,0.28818,100000.0,1,10.0,8,5
mc_dlsk,fh_on,model,barrage,partial_band,-2.0,0.39919,0.0320396317082453,0.0143285588947388,0.3711065406159508,0.4272734593840492,0.37405,0.4544,0.37526,0.3929,0.44242,1.0,0.28818,100000.0,1,10.0,8,5
mc_dlsk,fh_on,model,barrage,partial_band,2.0,0.485,0.0150433955608433,0.0067276110172928,0.4718141247041112,0.4981858752958888,0.4662,0.49735,0.4672,0.49375,0.49718,1.0,0.28818,100000.0,1,10.0,8,5
mc_dlsk,fh_on,model,barrage,partial_band,6.0,0.49557,0.0079724212131572,0.0035653751555761,0.4885819931036967,0.5025580068963033,0.4855,0.504,0.48658,0.49425,0.50384,1.0,0.28818,100000.0,1,10.0,8,5
mc_dlsk,fh_on,model,barrage,partial_band,10.0,0.5001599999999999,0.0034009925021969,0.0015209700851759,0.4971789534114924,0.5031410465885076,0.496,0.5041,0.49644,0.49935,0.50391,1.0,0.28818,100000.0,1,10.0,8,5
mc_dlsk,fh_off,omniscient,fixed_partial,cw,-10.0,0.28114,0.0120208360774115,0.0053758813230948,0.2706034662215725,0.2916765337784274,0.26625,0.29515,0.26821,0.2765,0.29447,1.0,0.2860999999999999,100000.0,1,10.0,8,5
mc_dlsk,fh_off,omniscient,fixed_partial,cw,-6.0,0.31687,0.0481792823732359,0.0215464300987425,0.2746397730110548,0.3591002269889453,0.2506,0.37765,0.25871,0.32745,0.36962,1.0,0.2860999999999999,100000.0,1,10.0,8,5
mc_dlsk,fh_off,omniscient,fixed_partial,cw,-2.0,0.4259199999999999,0.1105716882841173,0.0494491622780406,0.3290014228693636,0.5228385771306363,0.23045,0.49875,0.2747,0.4701,0.49472,1.0,0.2860999999999999,100000.0,1,10.0,8,5
mc_dlsk,fh_off,omniscient,fixed_partial,cw,2.0,0.47112,0.0615265654006462,0.0275155165315863,0.4171905785820743,0.5250494214179257,0.36165,0.5036,0.38691,0.4989,0.50358,1.0,0.2860999999999999,100000.0,1,10.0,8,5
mc_dlsk,fh_off,omniscient,fixed_partial,cw,6.0,0.498,0.0051825428121724,0.0023177036048641,0.4934573844076277,0.5025426155923723,0.4936,0.50375,0.4936999999999999,0.495,0.50371,1.0,0.2860999999999999,100000.0,1,10.0,8,5
mc_dlsk,fh_off,omniscient,fixed_partial,cw,10.0,0.49935,0.004140803062209,0.0018518234257077,0.4957204927798853,0.5029795072201149,0.4951,0.50375,0.49523,0.4986,0.50371,1.0,0.2860999999999999,100000.0,1,10.0,8,5
mc_dlsk,fh_off_blind,band_agnostic,fixed_partial,cw,-10.0,0.29057,0.0063085854198861,0.0028212851681458,0.285040382680317,0.296099617319683,0.2797,0.29515,0.28205,0.29175,0.29508,0.4,0.2860999999999999,100000.0,1,10.0,8,5
mc_dlsk,fh_off_blind,band_agnostic,fixed_partial,cw,-6.0,0.30618,0.0249049342500637,0.011137825191661,0.2843502637582413,0.3280097362417586,0.2797,0.3375,0.28205,0.2948,0.33549,0.4,0.2860999999999999,100000.0,1,10.0,8,5
mc_dlsk,fh_off_blind,band_agnostic,fixed_partial,cw,-2.0,0.35755,0.0947353154847758,0.0423669210587694,0.2745123605889603,0.4405876394110396,0.2797,0.4701,0.28205,0.2948,0.46642,0.4,0.2860999999999999,100000.0,1,10.0,8,5
mc_dlsk,fh_off_blind,band_agnostic,fixed_partial,cw,2.0,0.3705599999999999,0.1123666732176404,0.0502519039440298,0.2720680781151352,0.4690519218848646,0.2797,0.4989,0.28205,0.2948,0.49671,0.4,0.2860999999999999,100000.0,1,10.0,8,5
mc_dlsk,fh_off_blind,band_agnostic,fixed_partial,cw,6.0,0.3710099999999999,0.1129158336992646,0.0504974959775234,0.2720367265745977,0.4699832734254022,0.2797,0.495,0.28205,0.2948,0.49482,0.4,0.2860999999999999,100000.0,1,10.0,8,5
mc_dlsk,fh_off_blind,band_agnostic,fixed_partial,cw,10.0,0.3720599999999999,0.1143558448440655,0.0511414885391498,0.2718245243474982,0.4722954756525016,0.2797,0.4986,0.28205,0.2948,0.49803,0.4,0.2860999999999999,100000.0,1,10.0,8,5
mc_dlsk,fh_on,model,fixed_partial,cw,-10.0,0.28603,0.0052091985947936,0.0023296244332509,0.2814640200133235,0.2905959799866764,0.2821,0.29475,0.28217,0.2841,0.29315,0.25,0.28703,100000.0,1,10.0,8,5
mc_dlsk,fh_on,model,fixed_partial,cw,-6.0,0.29465,0.0127369050400794,0.0056961170985154,0.2834858156351869,0.3058141843648131,0.27525,0.30675,0.27852,0.2942,0.30649,0.25,0.28703,100000.0,1,10.0,8,5
mc_dlsk,fh_on,model,fixed_partial,cw,-2.0,0.32174,0.0284785972266893,0.0127360158605428,0.2967778676068051,0.346702132393195,0.27115,0.33725,0.28266,0.33535,0.33705,0.25,0.28703,100000.0,1,10.0,8,5
mc_dlsk,fh_on,model,fixed_partial,cw,2.0,0.33367,0.0144729748151511,0.006472511104664,0.3209841113453228,0.3463558886546772,0.30825,0.34315,0.31401,0.33755,0.34299,0.25,0.28703,100000.0,1,10.0,8,5
mc_dlsk,fh_on,model,fixed_partial,cw,6.0,0.3408699999999999,0.0026642541170091,0.0011914906629932,0.3385347212126175,0.3432052787873824,0.33705,0.34315,0.33748,0.3419,0.34313,0.25,0.28703,100000.0,1,10.0,8,5
mc_dlsk,fh_on,model,fixed_partial,cw,10.0,0.34131,0.0028101156559828,0.0012567219262828,0.3388468702859039,0.3437731297140962,0.33705,0.3434,0.3376,0.34305,0.34337,0.25,0.28703,100000.0,1,10.0,8,5
mc_dlsk,fh_off,omniscient,fixed_partial,partial_band,-10.0,0.28205,0.0227521152862761,0.010175055282405,0.262107258105782,0.301992741894218,0.25855,0.31015,0.25862,0.2881,0.3070299999999999,1.0,0.2860999999999999,100000.0,1,10.0,8,5
mc_dlsk,fh_off,omniscient,fixed_partial,partial_band,-6.0,0.29133,0.0411046165290469,0.018382543349602,0.2553008770905336,0.3273591229094663,0.2498,0.34985,0.2509,0.2928,0.3416599999999999,1.0,0.2860999999999999,100000.0,1,10.0,8,5
mc_dlsk,fh_off,omniscient,fixed_partial,partial_band,-2.0,0.3957799999999999,0.0404186621500514,0.0180757752254225,0.3603521315655303,0.4312078684344695,0.3642,0.46525,0.36614,0.38055,0.4512,1.0,0.2860999999999999,100000.0,1,10.0,8,5
mc_dlsk,fh_off,omniscient,fixed_partial,partial_band,2.0,0.48383,0.0191648962950494,0.0085708021794928,0.4670315364095765,0.5006284635904235,0.45835,0.50315,0.46052,0.49135,0.5019399999999999,1.0,0.2860999999999999,100000.0,1,10.0,8,5
mc_dlsk,fh_off,omniscient,fixed_partial,partial_band,6.0,0.49598,0.0092987633586407,0.0041585333953209,0.4878294243166637,0.5041305756833362,0.4841,0.5035,0.48484,0.5011,0.5034799999999999,1.0,0.2860999999999999,100000.0,1,10.0,8,5
mc_dlsk,fh_off,omniscient,fixed_partial,partial_band,10.0,0.49981,0.0048941802173602,0.0021887439320304,0.4955201407218397,0.5040998592781601,0.49445,0.50495,0.49453,0.50125,0.5046700000000001,1.0,0.2860999999999999,100000.0,1,10.0,8,5
mc_dlsk,fh_off_blind,band_agnostic,fixed_partial,partial_band,-10.0,0.28388,0.0152632974812128,0.0068259541457586,0.2705013757141912,0.2972586242858088,0.2589,0.2948,0.26306,0.29145,0.29475,0.4,0.2860999999999999,100000.0,1,10.0,8,5
mc_dlsk,fh_off_blind,band_agnostic,fixed_partial,partial_band,-6.0,0.28603,0.0200856167443272,0.0089825608820647,0.2684245041822147,0.3036354958177852,0.2553,0.3089,0.26018,0.29145,0.30608,0.4,0.2860999999999999,100000.0,1,10.0,8,5
mc_dlsk,fh_off_blind,band_agnostic,fixed_partial,partial_band,-2.0,0.3283,0.054820354340336,0.0245164077711234,0.2802487237383002,0.3763512762616997,0.2797,0.395,0.28205,0.2948,0.39211,0.4,0.2860999999999999,100000.0,1,10.0,8,5
mc_dlsk,fh_off_blind,band_agnostic,fixed_partial,partial_band,2.0,0.3653,0.1053983455752508,0.047135573084455,0.2729159743638126,0.4576840256361874,0.2797,0.49135,0.28205,0.2948,0.48692,0.4,0.2860999999999999,100000.0,1,10.0,8,5
mc_dlsk,fh_off_blind,band_agnostic,fixed_partial,partial_band,6.0,0.3709699999999999,0.112958596397087,0.0505166200373698,0.2719592441060606,0.4699807558939393,0.2797,0.5011,0.28205,0.2948,0.49844,0.4,0.2860999999999999,100000.0,1,10.0,8,5
mc_dlsk,fh_off_blind,band_agnostic,fixed_partial,partial_band,10.0,0.37241,0.114852380253959,0.0513635459251013,0.2717392998685323,0.4730807001314677,0.2797,0.50125,0.28205,0.2948,0.4999699999999999,0.4,0.2860999999999999,100000.0,1,10.0,8,5
mc_dlsk,fh_on,model,fixed_partial,partial_band,-10.0,0.28536,0.0047198252086279,0.0021107700016818,0.281222966817056,0.289497033182944,0.2783,0.29035,0.27938,0.2857,0.29003,0.25,0.28703,100000.0,1,10.0,8,5
mc_dlsk,fh_on,model,fixed_partial,partial_band,-6.0,0.2889899999999999,0.0090740977512918,0.0040580598812733,0.2810363487855973,0.2969436512144026,0.2774,0.30155,0.2787,0.28985,0.29969,0.25,0.28703,100000.0,1,10.0,8,5
mc_dlsk,fh_on,model,fixed_partial,partial_band,-2.0,0.3154,0.0102297360669765,0.0045748770475281,0.3064334057531458,0.3243665942468541,0.30595,0.33245,0.30663,0.314,0.32901,0.25,0.28703,100000.0,1,10.0,8,5
mc_dlsk,fh_on,model,fixed_partial,partial_band,2.0,0.33707,0.0043400172810715,0.0019409147327999,0.3332658770266489,0.3408741229733512,0.333,0.34295,0.33309,0.3358,0.3423899999999999,0.25,0.28703,100000.0,1,10.0,8,5
mc_dlsk,fh_on,model,fixed_partial,partial_band,6.0,0.33975,0.0026860752037126,0.0012012493496356,0.337395594538262,0.342104405461738,0.3371,0.34265,0.33722,0.3387,0.34264,0.25,0.28703,100000.0,1,10.0,8,5
mc_dlsk,fh_on,model,fixed_partial,partial_band,10.0,0.34069,0.0025003499755034,0.0011181905025531,0.3384983868871412,0.3428816131128589,0.33705,0.3432,0.33756,0.34085,0.34311,0.25,0.28703,100000.0,1,10.0,8,5
mc_dlsk,fh_off,omniscient,follower,cw,-10.0,0.28847,0.0147260653264882,0.006585696622226,0.2755622718073298,0.3013777281926703,0.27245,0.30635,0.27297,0.28955,0.30487,1.0,0.29458,100000.0,1,10.0,8,5
mc_dlsk,fh_off,omniscient,follower,cw,-6.0,0.31826,0.0517449441974769,0.0231410425434983,0.2729043900500341,0.3636156099499659,0.2468,0.384,0.2558499999999999,0.3277,0.37535,1.0,0.29458,100000.0,1,10.0,8,5
mc_dlsk,fh_off,omniscient,follower,cw,-2.0,0.42532,0.112386902039339,0.0502609505481143,0.3268103470969471,0.5238296529030528,0.22575,0.4954,0.27202,0.4738,0.49123,1.0,0.29458,100000.0,1,10.0,8,5
mc_dlsk,fh_off,omniscient,follower,cw,2.0,0.47096,0.0625758080251466,0.0279847520982409,0.416110893771166,0.5258091062288339,0.3594,0.50355,0.38562,0.49875,0.50336,1.0,0.29458,100000.0,1,10.0,8,5
mc_dlsk,fh_off,omniscient,follower,cw,6.0,0.49903,0.003664457667923,0.0016387952892292,0.4958180202550767,0.5022419797449232,0.495,0.50345,0.49541,0.4973,0.50323,1.0,0.29458,100000.0,1,10.0,8,5
mc_dlsk,fh_off,omniscient,follower,cw,10.0,0.50025,0.0029704797592308,0.0013284389334854,0.4976463075347077,0.5028536924652923,0.4961,0.50345,0.4965799999999999,0.50085,0.50323,1.0,0.29458,100000.0,1,10.0,8,5
mc_dlsk,fh_off_blind,band_agnostic,follower,cw,-10.0,0.29458,0.0053471487729443,0.0023913176284216,0.2898931035726979,0.2992668964273021,0.28745,0.30095,0.28841,0.2936,0.30049,0.0,0.29458,100000.0,1,10.0,8,5
mc_dlsk,fh_off_blind,band_agnostic,follower,cw,-6.0,0.29458,0.0053471487729443,0.0023913176284216,0.2898931035726979,0.2992668964273021,0.28745,0.30095,0.28841,0.2936,0.30049,0.0,0.29458,100000.0,1,10.0,8,5
mc_dlsk,fh_off_blind,band_agnostic,follower,cw,-2.0,0.29458,0.0053471487729443,0.0023913176284216,0.2898931035726979,0.2992668964273021,0.28745,0.30095,0.28841,0.2936,0.30049,0.0,0.29458,100000.0,1,10.0,8,5
mc_dlsk,fh_off_blind,band_agnostic,follower,cw,2.0,0.29458,0.0053471487729443,0.0023913176284216,0.2898931035726979,0.2992668964273021,0.28745,0.30095,0.28841,0.2936,0.30049,0.0,0.29458,100000.0,1,10.0,8,5
mc_dlsk,fh_off_blind,band_agnostic,follower,cw,6.0,0.29458,0.0053471487729443,0.0023913176284216,0.2898931035726979,0.2992668964273021,0.28745,0.30095,0.28841,0.2936,0.30049,0.0,0.29458,100000.0,1,10.0,8,5
mc_dlsk,fh_off_blind,band_agnostic,follower,cw,10.0,0.29458,0.0053471487729443,0.0023913176284216,0.2898931035726979,0.2992668964273021,0.28745,0.30095,0.28841,0.2936,0.30049,0.0,0.29458,100000.0,1,10.0,8,5
mc_dlsk,fh_on,model,follower,cw,-10.0,0.287,0.0027939667141897,0.0012494998999599,0.284551025197392,0.2894489748026079,0.28385,0.2899,0.28402,0.2868,0.28987,0.0,0.287,100000.0,1,10.0,8,5
mc_dlsk,fh_on,model,follower,cw,-6.0,0.287,0.0027939667141897,0.0012494998999599,0.284551025197392,0.2894489748026079,0.28385,0.2899,0.28402,0.2868,0.28987,0.0,0.287,100000.0,1,10.0,8,5
mc_dlsk,fh_on,model,follower,cw,-2.0,0.287,0.0027939667141897,0.0012494998999599,0.284551025197392,0.2894489748026079,0.28385,0.2899,0.28402,0.2868,0.28987,0.0,0.287,100000.0,1,10.0,8,5
mc_dlsk,fh_on,model,follower,cw,2.0,0.287,0.0027939667141897,0.0012494998999599,0.284551025197392,0.2894489748026079,0.28385,0.2899,0.28402,0.2868,0.28987,0.0,0.287,100000.0,1,10.0,8,5
mc_dlsk,fh_on,model,follower,cw,6.0,0.287,0.0027939667141897,0.0012494998999599,0.284551025197392,0.2894489748026079,0.28385,0.2899,0.28402,0.2868,0.28987,0.0,0.287,100000.0,1,10.0,8,5
mc_dlsk,fh_on,model,follower,cw,10.0,0.287,0.0027939667141897,0.0012494998999599,0.284551025197392,0.2894489748026079,0.28385,0.2899,0.28402,0.2868,0.28987,0.0,0.287,100000.0,1,10.0,8,5
mc_dlsk,fh_off,omniscient,follower,partial_band,-10.0,0.28909,0.0188703272361663,0.0084390668915467,0.272549732829444,0.3056302671705559,0.26515,0.3046,0.26657,0.29975,0.3044199999999999,1.0,0.29458,100000.0,1,10.0,8,5
mc_dlsk,fh_off,omniscient,follower,partial_band,-6.0,0.29932,0.0334741243350741,0.0149700835001011,0.2699791754942444,0.3286608245057555,0.26525,0.34325,0.26543,0.30785,0.33742,1.0,0.29458,100000.0,1,10.0,8,5
mc_dlsk,fh_off,omniscient,follower,partial_band,-2.0,0.40298,0.0335472912468354,0.0150028047377815,0.3735750430468613,0.4323849569531387,0.3776,0.46145,0.3791299999999999,0.3935,0.44858,1.0,0.29458,100000.0,1,10.0,8,5
mc_dlsk,fh_off,omniscient,follower,partial_band,2.0,0.48451,0.0165655289683124,0.0074083297712777,0.4699899404626999,0.4990300595373002,0.4633,0.50135,0.46477,0.4919,0.50015,1.0,0.29458,100000.0,1,10.0,8,5
mc_dlsk,fh_off,omniscient,follower,partial_band,6.0,0.49591,0.0073531795843702,0.0032884418802831,0.4894647723493919,0.5023552276506081,0.4853,0.50325,0.48655,0.4988,0.50273,1.0,0.29458,100000.0,1,10.0,8,5
mc_dlsk,fh_off,omniscient,follower,partial_band,10.0,0.4998699999999999,0.0033394610343586,0.0014934523762075,0.4969428871300073,0.5027971128699925,0.4962,0.50345,0.4964599999999999,0.4989,0.50342,1.0,0.29458,100000.0,1,10.0,8,5
mc_dlsk,fh_off_blind,band_agnostic,follower,partial_band,-10.0,0.29458,0.0053471487729443,0.0023913176284216,0.2898931035726979,0.2992668964273021,0.28745,0.30095,0.28841,0.2936,0.30049,0.0,0.29458,100000.0,1,10.0,8,5
mc_dlsk,fh_off_blind,band_agnostic,follower,partial_band,-6.0,0.29458,0.0053471487729443,0.0023913176284216,0.2898931035726979,0.2992668964273021,0.28745,0.30095,0.28841,0.2936,0.30049,0.0,0.29458,100000.0,1,10.0,8,5
mc_dlsk,fh_off_blind,band_agnostic,follower,partial_band,-2.0,0.29458,0.0053471487729443,0.0023913176284216,0.2898931035726979,0.2992668964273021,0.28745,0.30095,0.28841,0.2936,0.30049,0.0,0.29458,100000.0,1,10.0,8,5
mc_dlsk,fh_off_blind,band_agnostic,follower,partial_band,2.0,0.29458,0.0053471487729443,0.0023913176284216,0.2898931035726979,0.2992668964273021,0.28745,0.30095,0.28841,0.2936,0.30049,0.0,0.29458,100000.0,1,10.0,8,5
mc_dlsk,fh_off_blind,band_agnostic,follower,partial_band,6.0,0.29458,0.0053471487729443,0.0023913176284216,0.2898931035726979,0.2992668964273021,0.28745,0.30095,0.28841,0.2936,0.30049,0.0,0.29458,100000.0,1,10.0,8,5
mc_dlsk,fh_off_blind,band_agnostic,follower,partial_band,10.0,0.29458,0.0053471487729443,0.0023913176284216,0.2898931035726979,0.2992668964273021,0.28745,0.30095,0.28841,0.2936,0.30049,0.0,0.29458,100000.0,1,10.0,8,5
mc_dlsk,fh_on,model,follower,partial_band,-10.0,0.287,0.0027939667141897,0.0012494998999599,0.284551025197392,0.2894489748026079,0.28385,0.2899,0.28402,0.2868,0.28987,0.0,0.287,100000.0,1,10.0,8,5
mc_dlsk,fh_on,model,follower,partial_band,-6.0,0.287,0.0027939667141897,0.0012494998999599,0.284551025197392,0.2894489748026079,0.28385,0.2899,0.28402,0.2868,0.28987,0.0,0.287,100000.0,1,10.0,8,5
mc_dlsk,fh_on,model,follower,partial_band,-2.0,0.287,0.0027939667141897,0.0012494998999599,0.284551025197392,0.2894489748026079,0.28385,0.2899,0.28402,0.2868,0.28987,0.0,0.287,100000.0,1,10.0,8,5
mc_dlsk,fh_on,model,follower,partial_band,2.0,0.287,0.0027939667141897,0.0012494998999599,0.284551025197392,0.2894489748026079,0.28385,0.2899,0.28402,0.2868,0.28987,0.0,0.287,100000.0,1,10.0,8,5
mc_dlsk,fh_on,model,follower,partial_band,6.0,0.287,0.0027939667141897,0.0012494998999599,0.284551025197392,0.2894489748026079,0.28385,0.2899,0.28402,0.2868,0.28987,0.0,0.287,100000.0,1,10.0,8,5
mc_dlsk,fh_on,model,follower,partial_band,10.0,0.287,0.0027939667141897,0.0012494998999599,0.284551025197392,0.2894489748026079,0.28385,0.2899,0.28402,0.2868,0.28987,0.0,0.287,100000.0,1,10.0,8,5
mc_dlsk,fh_off,omniscient,sweep,cw,-10.0,0.2791599999999999,0.0179481684302326,0.0080266649363231,0.263428025808836,0.2948919741911638,0.2538,0.2989,0.25727,0.27895,0.29772,1.0,0.28403,100000.0,1,10.0,8,5
mc_dlsk,fh_off,omniscient,sweep,cw,-6.0,0.31706,0.0523953289902831,0.0234319034651476,0.2711343131190912,0.3629856868809087,0.24905,0.38615,0.25614,0.32915,0.37621,1.0,0.28403,100000.0,1,10.0,8,5
mc_dlsk,fh_off,omniscient,sweep,cw,-2.0,0.42837,0.1092169320664154,0.0488432968788962,0.3326388972311656,0.5241011027688343,0.23475,0.49645,0.27902,0.47295,0.49348,1.0,0.28403,100000.0,1,10.0,8,5
mc_dlsk,fh_off,omniscient,sweep,cw,2.0,0.47314,0.061077188867858,0.0273145492366247,0.4196044672422694,0.5266755327577306,0.36435,0.50715,0.38977,0.5012,0.50603,1.0,0.28403,100000.0,1,10.0,8,5
mc_dlsk,fh_off,omniscient,sweep,cw,6.0,0.50092,0.003987887912166,0.0017834376916505,0.4974245263556936,0.5044154736443064,0.49745,0.5075,0.49771,0.4992,0.50634,1.0,0.28403,100000.0,1,10.0,8,5
mc_dlsk,fh_off,omniscient,sweep,cw,10.0,0.50189,0.0032700152904841,0.0014623952953972,0.4990237578898605,0.5047562421101394,0.4993,0.5075,0.49943,0.501,0.50634,1.0,0.28403,100000.0,1,10.0,8,5
mc_dlsk,fh_off_blind,band_agnostic,sweep,cw,-10.0,0.28363,0.0088554079522063,0.0039602588299251,0.27586803532389,0.29139196467611,0.2713,0.29565,0.27331,0.28285,0.29392,0.125,0.28403,100000.0,1,10.0,8,5
mc_dlsk,fh_off_blind,band_agnostic,sweep,cw,-6.0,0.28833,0.0089427764145146,0.0039993311940873,0.2804914548973413,0.2961685451026588,0.27625,0.29895,0.27784,0.28735,0.29814,0.125,0.28403,100000.0,1,10.0,8,5
mc_dlsk,fh_off_blind,band_agnostic,sweep,cw,-2.0,0.3021999999999999,0.0126055543313255,0.0056373752757821,0.2911509474921304,0.3132490525078695,0.28165,0.3151,0.28561,0.30405,0.31383,0.125,0.28403,100000.0,1,10.0,8,5
mc_dlsk,fh_off_blind,band_agnostic,sweep,cw,2.0,0.30848,0.0080317028082468,0.0035918866908631,0.3014400314493594,0.3155199685506406,0.29835,0.32045,0.29974,0.3084,0.31834,0.125,0.28403,100000.0,1,10.0,8,5
mc_dlsk,fh_off_blind,band_agnostic,sweep,cw,6.0,0.31192,0.0063336995508154,0.0028325165489366,0.3063683695784705,0.3174716304215295,0.30525,0.3206,0.30573,0.3099,0.31972,0.125,0.28403,100000.0,1,10.0,8,5
mc_dlsk,fh_off_blind,band_agnostic,sweep,cw,10.0,0.31215,0.0063687714670884,0.0028482011867141,0.306567628253316,0.317732371746684,0.30525,0.321,0.30587,0.3099,0.32005,0.125,0.28403,100000.0,1,10.0,8,5
mc_dlsk,fh_on,model,sweep,cw,-10.0,0.2869,0.0034190641994557,0.0015290519938837,0.2839031131614986,0.2898968868385014,0.28165,0.29065,0.28252,0.28725,0.29031,0.1219199999999999,0.28757,100000.0,1,10.0,8,5
mc_dlsk,fh_on,model,sweep,cw,-6.0,0.29197,0.0063988866219054,0.0028616690933789,0.2863612316413059,0.297578768358694,0.2845,0.2979,0.28479,0.29375,0.29787,0.1219199999999999,0.28757,100000.0,1,10.0,8,5
mc_dlsk,fh_on,model,sweep,cw,-2.0,0.30506,0.0131513497406159,0.0058814624031783,0.2935325455133441,0.3165874544866559,0.28215,0.3152,0.28717,0.30905,0.31449,0.1219199999999999,0.28757,100000.0,1,10.0,8,5
mc_dlsk,fh_on,model,sweep,cw,2.0,0.3104099999999999,0.0080195386400964,0.0035864467094883,0.3033806936169305,0.3174393063830694,0.297,0.3184,0.2997599999999999,0.3123,0.31743,0.1219199999999999,0.28757,100000.0,1,10.0,8,5
mc_dlsk,fh_on,model,sweep,cw,6.0,0.31361,0.0024686534791258,0.0011040153984433,0.3114461695806734,0.3157738304193265,0.31075,0.31735,0.31105,0.3135,0.31672,0.1219199999999999,0.28757,100000.0,1,10.0,8,5
mc_dlsk,fh_on,model,sweep,cw,10.0,0.31381,0.0027201562455123,0.0012164908548772,0.3114257217369183,0.3161942782630818,0.31075,0.318,0.31105,0.31375,0.31726,0.1219199999999999,0.28757,100000.0,1,10.0,8,5
mc_dlsk,fh_off,omniscient,sweep,partial_band,-10.0,0.27912,0.0188728177546438,0.0084401806852697,0.2625775498338607,0.2956624501661392,0.2605,0.30015,0.26137,0.2716,0.29982,1.0,0.28403,100000.0,1,10.0,8,5
mc_dlsk,fh_off,omniscient,sweep,partial_band,-6.0,0.29105,0.0364578009484938,0.0163044242461977,0.2590939156887908,0.3230060843112091,0.25395,0.3433,0.25632,0.27995,0.33709,1.0,0.28403,100000.0,1,10.0,8,5
mc_dlsk,fh_off,omniscient,sweep,partial_band,-2.0,0.39962,0.0381844470956435,0.0170766038778206,0.3661504714212144,0.4330895285787855,0.3586,0.4614,0.36376,0.3903,0.4498,1.0,0.28403,100000.0,1,10.0,8,5
mc_dlsk,fh_off,omniscient,sweep,partial_band,2.0,0.4828599999999999,0.0178449712804476,0.0079805137679224,0.4672184804367459,0.498501519563254,0.4559,0.4995,0.45952,0.4905,0.49848,1.0,0.28403,100000.0,1,10.0,8,5
mc_dlsk,fh_off,omniscient,sweep,partial_band,6.0,0.4948,0.0076933412767145,0.0034405668137677,0.4880566129586114,0.5015433870413886,0.4822,0.50175,0.48439,0.49805,0.50117,1.0,0.28403,100000.0,1,10.0,8,5
mc_dlsk,fh_off,omniscient,sweep,partial_band,10.0,0.4982100000000001,0.004209720893361,0.0018826444167712,0.494520084747433,0.5018999152525672,0.491,0.50175,0.49256,0.49895,0.50151,1.0,0.28403,100000.0,1,10.0,8,5
mc_dlsk,fh_off_blind,band_agnostic,sweep,partial_band,-10.0,0.28345,0.008994790158753,0.0040225924476635,0.2755658636780966,0.2913341363219034,0.27405,0.29515,0.27491,0.279,0.29426,0.125,0.28403,100000.0,1,10.0,8,5
mc_dlsk,fh_off_blind,band_agnostic,sweep,partial_band,-6.0,0.28475,0.0104316225967008,0.0046651634483692,0.2756064476592036,0.2938935523407963,0.2753,0.2969,0.27573,0.27885,0.29657,0.125,0.28403,100000.0,1,10.0,8,5
mc_dlsk,fh_off_blind,band_agnostic,sweep,partial_band,-2.0,0.29885,0.0100259662875954,0.0044837484318369,0.2900620145578617,0.3076379854421383,0.28545,0.30895,0.28735,0.29615,0.30891,0.125,0.28403,100000.0,1,10.0,8,5
mc_dlsk,fh_off_blind,band_agnostic,sweep,partial_band,2.0,0.3090199999999999,0.0085210474708218,0.003810728276852,0.3015511098225015,0.3164888901774984,0.2954,0.31815,0.29806,0.3092,0.31725,0.125,0.28403,100000.0,1,10.0,8,5
mc_dlsk,fh_off_blind,band_agnostic,sweep,partial_band,6.0,0.3106399999999999,0.0074759113156858,0.0033433291791266,0.3040871952204498,0.3171928047795501,0.29955,0.3203,0.30162,0.31025,0.31888,0.125,0.28403,100000.0,1,10.0,8,5
mc_dlsk,fh_off_blind,band_agnostic,sweep,partial_band,10.0,0.31107,0.0072030896148805,0.0032213196053791,0.3047563295907641,0.3173836704092359,0.3008,0.32075,0.30262,0.3103,0.31932,0.125,0.28403,100000.0,1,10.0,8,5
mc_dlsk,fh_on,model,sweep,partial_band,-10.0,0.28713,0.0025173398658107,0.0011257886124846,0.2849234948653248,0.2893365051346751,0.284,0.29035,0.28428,0.2873,0.29,0.1219199999999999,0.28757,100000.0,1,10.0,8,5
mc_dlsk,fh_on,model,sweep,partial_band,-6.0,0.28804,0.0045014442126943,0.0020131070513015,0.2840943826824254,0.2919856173175746,0.28205,0.2941,0.28285,0.28785,0.2933099999999999,0.1219199999999999,0.28757,100000.0,1,10.0,8,5
mc_dlsk,fh_on,model,sweep,partial_band,-2.0,0.30117,0.0052993631692874,0.002369947256797,0.2965249887314182,0.3058150112685817,0.2952,0.30905,0.29567,0.3019,0.30767,0.1219199999999999,0.28757,100000.0,1,10.0,8,5
mc_dlsk,fh_on,model,sweep,partial_band,2.0,0.31194,0.0025025986494042,0.0011191961400934,0.3097464158737806,0.3141335841262193,0.3083,0.3143,0.30888,0.3116,0.3143,0.1219199999999999,0.28757,100000.0,1,10.0,8,5
mc_dlsk,fh_on,model,sweep,partial_band,6.0,0.3131899999999999,0.0018280454042501,0.0008175267579718,0.3115876769979773,0.3147923230020226,0.3107,0.3155,0.31101,0.31335,0.31523,0.1219199999999999,0.28757,100000.0,1,10.0,8,5
mc_dlsk,fh_on,model,sweep,partial_band,10.0,0.31348,0.0016091923440036,0.0007196526940128,0.3120695066383576,0.3148904933616425,0.31145,0.31545,0.31161,0.31405,0.3152,0.1219199999999999,0.28757,100000.0,1,10.0,8,5
